ระดับ,ชั้น,ภาคเรียนที่,รหัสวิชา,ชื่อวิชา,Code(English),Titles(English),หน่วยกิต,ประเภทวิชา,กลุ่มสาระ
มัธยมปลาย,ม.4,1,A31901,แนะแนว,A31901,Counselling Activities,20,9,9
มัธยมปลาย,ม.4,2,A31902,แนะแนว,A31902,Counselling Activities,20,9,9
มัธยมปลาย,ม.4,1,A31903,การศึกษาค้นคว้า,A31903,Research Studies,10,9,9
มัธยมปลาย,ม.4,2,A31904,การศึกษาค้นคว้า,A31904,Research Studies,10,9,9
มัธยมปลาย,ม.4,1,A31905,กิจกรรมเพื่อสังคมและสาธารณะประโยชน์,A31905,Activities for Social and Public Interest,20,9,9
มัธยมปลาย,ม.4,2,A31906,กิจกรรมเพื่อสังคมและสาธารณะประโยชน์,A31906,Activities for Social and Public Interest,20,9,9
มัธยมปลาย,ม.4,1,A31911,ชุมนุมภาษาไทย,A31911,Thai Studies Club,20,9,9
มัธยมปลาย,ม.4,1,A31912,ชุมนุมคณิตศาสตร์,A31912,Mathematics Activity,20,9,9
มัธยมปลาย,ม.4,1,A31913,ชุมนุมวิทยาศาสตร์,A31913,Science Club,20,9,9
มัธยมปลาย,ม.4,1,A31914,ชุมนุมสังคมศึกษา,A31914,Social Studies Club,20,9,9
มัธยมปลาย,ม.4,1,A31915,ชุมนุมสุขศึกษาพลศึกษา,A31915,Health & Physical Education Club,20,9,9
มัธยมปลาย,ม.4,1,A31916,ชุมนุมศิลปศึกษา,A31916,Arts & Cultural Club,20,9,9
มัธยมปลาย,ม.4,1,A31917,ชุมนุมการงานอาชีพ,A31917,Career Education Club,20,9,9
มัธยมปลาย,ม.4,1,A31918,ชุมนุมภาษาต่างประเทศ,A31918,Foreign Languages Club,20,9,9
มัธยมปลาย,ม.4,1,A31919,ชุมนุมส่งเสริมวิชาการ,A31919,Academic Activity,20,9,9
มัธยมปลาย,ม.4,2,A31921,ชุมนุมภาษาไทย,A31921,Thai Studies Club,20,9,9
มัธยมปลาย,ม.4,2,A31922,ชุมนุมคณิตศาสตร์,A31922,Mathematics Activity,20,9,9
มัธยมปลาย,ม.4,2,A31923,ชุมนุมวิทยาศาสตร์,A31923,Science Club,20,9,9
มัธยมปลาย,ม.4,2,A31924,ชุมนุมสังคมศึกษา,A31924,Social Studies Club,20,9,9
มัธยมปลาย,ม.4,2,A31925,ชุมนุมสุขศึกษาพลศึกษา,A31925,Health & Physical Education Club,20,9,9
มัธยมปลาย,ม.4,2,A31926,ชุมนุมศิลปศึกษา,A31926,Arts & Cultural Club,20,9,9
มัธยมปลาย,ม.4,2,A31927,ชุมนุมการงานอาชีพ,A31927,Career Education Club,20,9,9
มัธยมปลาย,ม.4,2,A31928,ชุมนุมภาษาต่างประเทศ,A31928,Foreign Languages Club,20,9,9
มัธยมปลาย,ม.4,2,A31929,กิจกรรมชุมนุม,A31929,Assembly Activities,20,9,9
มัธยมปลาย,ม.5,1,A32901,แนะแนว,A32901,Counselling Activities,20,9,9
มัธยมปลาย,ม.5,2,A32902,แนะแนว,A32902,Counselling Activities,20,9,9
มัธยมปลาย,ม.5,1,A32903,การศึกษาค้นคว้า,A32903,Research studies,10,9,9
มัธยมปลาย,ม.5,2,A32904,การศึกษาค้นคว้า,A32904,Research studies,10,9,9
มัธยมปลาย,ม.5,1,A32905,กิจกรรมเพื่อสังคมและสาธารณะประโยชน์,A32905,Activities for Social and Public Interest,20,9,9
มัธยมปลาย,ม.5,2,A32906,กิจกรรมเพื่อสังคมและสาธารณะประโยชน์,A32906,Activities for Social and Public Interest,20,9,9
มัธยมปลาย,ม.5,1,A32911,ชุมนุมภาษาไทย,A32911,Thai Studies Club,20,9,9
มัธยมปลาย,ม.5,1,A32912,ชุมนุมคณิตศาสตร์,A32912,Mathematics Activity,20,9,9
มัธยมปลาย,ม.5,1,A32913,ชุมนุมวิทยาศาสตร์,A32913,Science Club,20,9,9
มัธยมปลาย,ม.5,1,A32914,ชุมนุมสังคมศึกษา,A32914,Social Studies Club,20,9,9
มัธยมปลาย,ม.5,1,A32915,ชุมนุมสุขศึกษาพลศึกษา,A32915,Health & Physical Education Club,20,9,9
มัธยมปลาย,ม.5,1,A32916,ชุมนุมศิลปศึกษา,A32916,Arts & Cultural Club,20,9,9
มัธยมปลาย,ม.5,1,A32917,ชุมนุมการงานอาชีพ,A32917,Career Education Club,20,9,9
มัธยมปลาย,ม.5,1,A32918,ชุมนุมภาษาต่างประเทศ,A32918,Foreign Languages Club,20,9,9
มัธยมปลาย,ม.5,1,A32919,ชุมนุมส่งเสริมวิชาการ,A32919,Academic Activity,20,9,9
มัธยมปลาย,ม.5,2,A32921,ชุมนุมภาษาไทย,A32921,Thai Studies Club,20,9,9
มัธยมปลาย,ม.5,2,A32922,ชุมนุมคณิตศาสตร์,A32922,Mathematics Activity,20,9,9
มัธยมปลาย,ม.5,2,A32923,ชุมนุมวิทยาศาสตร์,A32923,Science Club,20,9,9
มัธยมปลาย,ม.5,2,A32924,ชุมนุมสังคมศึกษา,A32924,Social Studies Club,20,9,9
มัธยมปลาย,ม.5,2,A32925,ชุมนุมสุขศึกษาพลศึกษา,A32925,Health & Physical Education Club,20,9,9
มัธยมปลาย,ม.5,2,A32926,ชุมนุมศิลปศึกษา,A32926,Arts & Cultural Club,20,9,9
มัธยมปลาย,ม.5,2,A32927,ชุมนุมการงานอาชีพ,A32927,Career Education Club,20,9,9
มัธยมปลาย,ม.5,2,A32928,ชุมนุมภาษาต่างประเทศ,A32928,Foreign Languages Club,20,9,9
มัธยมปลาย,ม.5,2,A32929,กิจกรรมชุมนุม,A32929,Assembly Activities,20,9,9
มัธยมปลาย,ม.6,1,A33901,แนะแนว,A33901,Counselling Activities,20,9,9
มัธยมปลาย,ม.6,2,A33902,แนะแนว,A33902,Counselling Activities,20,9,9
มัธยมปลาย,ม.6,1,A33903,การศึกษาค้นคว้า,A33903,Research Studies,20,9,9
มัธยมปลาย,ม.6,2,A33904,การศึกษาค้นคว้า,A33904,Research studies,20,9,9
มัธยมปลาย,ม.6,1,A33905,กิจกรรมเพื่อสังคมและสาธารณะประโยชน์,A33905,Activities for Social and Public Interest,20,9,9
มัธยมปลาย,ม.6,2,A33906,กิจกรรมเพื่อสังคมและสาธารณะประโยชน์,A33906,Activities for Social and Public Interest,20,9,9
มัธยมปลาย,ม.6,1,A33911,ชุมนุมภาษาไทย,A33911,Thai Studies Club,20,9,9
มัธยมปลาย,ม.6,1,A33912,ชุมนุมคณิตศาสตร์,A33912,Mathematics Activity,20,9,9
มัธยมปลาย,ม.6,1,A33913,ชุมนุมวิทยาศาสตร์,A33913,Science Club,20,9,9
มัธยมปลาย,ม.6,1,A33914,ชุมนุมสังคมศึกษา,A33914,Social Studies Club,20,9,9
มัธยมปลาย,ม.6,1,A33915,ชุมนุมสุขศึกษาพลศึกษา,A33915,Health & Physical Education Club,20,9,9
มัธยมปลาย,ม.6,1,A33916,ชุมนุมศิลปศึกษา,A33916,Arts & Cultural Club,20,9,9
มัธยมปลาย,ม.6,1,A33917,ชุมนุมการงานอาชีพ,A33917,Career Education Club,20,9,9
มัธยมปลาย,ม.6,1,A33918,ชุมนุมภาษาต่างประเทศ,A33918,Foreign Languages Club,20,9,9
มัธยมปลาย,ม.6,1,A33919,ชุมนุมส่งเสริมวิชาการ,A33919,Academic Activity,20,9,9
มัธยมปลาย,ม.6,2,A33921,ชุมนุมภาษาไทย,A33921,Thai Studies Club,20,9,9
มัธยมปลาย,ม.6,2,A33922,ชุมนุมคณิตศาสตร์,A33922,Mathematics Activity,20,9,9
มัธยมปลาย,ม.6,2,A33923,ชุมนุมวิทยาศาสตร์,A33923,Science Club,20,9,9
มัธยมปลาย,ม.6,2,A33924,ชุมนุมสังคมศึกษา,A33924,Social Studies Club,20,9,9
มัธยมปลาย,ม.6,2,A33925,ชุมนุมสุขศึกษาพลศึกษา,A33925,Health & Physical Education Club,20,9,9
มัธยมปลาย,ม.6,2,A33926,ชุมนุมศิลปศึกษา,A33926,Arts & Cultural Club,20,9,9
มัธยมปลาย,ม.6,2,A33927,ชุมนุมการงานอาชีพ,A33927,Career Education Club,20,9,9
มัธยมปลาย,ม.6,2,A33928,ชุมนุมภาษาต่างประเทศ,A33928,Foreign Languages Club,20,9,9
มัธยมปลาย,ม.6,2,A33929,กิจกรรมชุมนุม,A33929,Assembly Activities,20,9,9
มัธยมปลาย,ม.ปลาย,1,I30201,การศึกษาค้นคว้า สร้างองค์ความรู้,I30201,Research and Knowledge Formation,1,2,I
มัธยมปลาย,ม.ปลาย,2,I30202,การสื่อสารและการนำเสนอ,I30202,Communnicaion and Presentation,1,2,I
มัธยมปลาย,ม.ปลาย,2,I30903,การนำองค์ความรู้ไปใช้บริการสังคม,I30903,Social Service Activity,20,9,9
มัธยมปลาย,ม.4,1,ก31201,ภาษาเกาหลี 1,KO31201,Korean 1,2.5,2,8
มัธยมปลาย,ม.4,2,ก31202,ภาษาเกาหลี 2,KO31202,Korean 2,2.5,2,8
มัธยมปลาย,ม.4,1,ก31203,ภาษาเกาหลีเพื่ออุตสาหกรรมการท่องเที่ยว 1,KO31203,Korean for Tourism Industry 1,1,2,8
มัธยมปลาย,ม.4,2,ก31204,ภาษาเกาหลีเพื่ออุตสาหกรรมการท่องเที่ยว 2,KO31204,Korean for Tourism Industry 2,1,2,8
มัธยมปลาย,ม.4,1,ก31205,ความถนัดภาษาเกาหลี 1,KO31205,Proficiency in Korean 1,1,2,8
มัธยมปลาย,ม.4,2,ก31206,ความถนัดภาษาเกาหลี 2,KO31206,Proficiency in Korean 2,1,2,8
มัธยมปลาย,ม.5,1,ก32201,ภาษาเกาหลี 3,KO32201,Korean 3,2.5,2,8
มัธยมปลาย,ม.5,1,ก32203,ภาษาเกาหลีอ่าน - เขียน 1,KO32203,Korean reading-writing 1,1,2,8
มัธยมปลาย,ม.ปลาย,1,ก32205,ภาษาเกาหลีเพื่อการสื่อสาร 1,KO32205,Korean Language for Communication 1,1,3,8
มัธยมปลาย,ม.5,1,ก32207,ความถนัดภาษาเกาหลี 3,KO32207,Korean language aptitude 3,1,2,8
มัธยมปลาย,ม.5,2,ก32208,ความถนัดภาษาเกาหลี 4,KO32208,Korean language aptitude 4,1,2,8
มัธยมปลาย,ม.6,1,ก33201,ภาษาเกาหลี 5,KO33201,Korean 5,2.5,2,8
มัธยมปลาย,ม.6,0,ก33281,ภาษาเกาหลีเพื่อการสื่อสาร,KO33281,Korean for Communication,1,3,8
มัธยมปลาย,ม.ปลาย,0,ค30201,คณิตศาสตร์เพิ่มเติม (ตรีโกณมิติ),MA31201,Trigonometry,2,2,2
มัธยมปลาย,ม.ปลาย,0,ค30202,คณิตศาสตร์เพิ่มเติม (เรขาคณิต),MA30202,Geometry,1.5,2,2
มัธยมปลาย,ม.ปลาย,0,ค30203,คณิตศาสตร์เพิ่มเติม (เรขาคณิตสามมิติ),MA30203,Solid Geometry,1.5,2,2
มัธยมปลาย,ม.ปลาย,0,ค30204,คณิตศาสตร์เพิ่มเติม (เรขาคณิตวิเคราะห์),MA30204,Analytic Geometry,1.5,2,2
มัธยมปลาย,ม.ปลาย,0,ค30205,คณิตศาสตร์เพิ่มเติม (พีชคณิตขั้นกลาง),MA30205,Intermediate Algebra,1.5,2,2
มัธยมปลาย,ม.ปลาย,0,ค30206,คณิตศาสตร์เพิ่มเติม (พีชคณิตขั้นสูง),MA30206,Advanced Algebra,2,2,2
มัธยมปลาย,ม.ปลาย,0,ค30207,สถิติและความน่าจะเป็น,MA30207,Probability and Statistics,2,2,2
มัธยมปลาย,ม.ปลาย,0,ค30208,สถิติ (การวิเคราะห์ข้อมูลขั้นสูง),MA30208,Statistics (Advanced Data Analysis),1,2,2
มัธยมปลาย,ม.ปลาย,0,ค30209,ตรรกศาสตร์,MA30209,Logic,1,2,2
มัธยมปลาย,ม.ปลาย,0,ค30210,แคลคูลัสเบื้องต้น,MA30210,Pre-Calculus,1.5,2,2
มัธยมปลาย,ม.ปลาย,0,ค30211,แคลคูลัส 1,MA30211,Calculus 1,1.5,2,2
มัธยมปลาย,ม.ปลาย,0,ค30212,แคลคูลัส 2,MA30212,Calculus 2,1.5,2,2
มัธยมปลาย,ม.ปลาย,0,ค30213,แบบจำลองทางคณิตศาสตร์เบื้องต้น,MA30213,Introduction Mathematical Model,0.5,2,2
มัธยมปลาย,ม.ปลาย,0,ค30214,แบบจำลองทางคณิตศาสตร์ 2,MA30214,,0.5,2,2
มัธยมปลาย,ม.ปลาย,2,ค30228,ความถนัดทางคณิตศาสตร์ 2,MA30228,Math aptitude 2,1.5,3,2
มัธยมปลาย,ม.ปลาย,1,ค30251,ทักษะกระบวนการคณิตศาสตร์ 1,MA30251,Math Process Skills 1,1,2,2
มัธยมปลาย,ม.ปลาย,2,ค30252,คณิตศาสตร์เพิ่มเติม,TH30252,Additional Mathematics,2,2,2
มัธยมปลาย,ม.ปลาย,1,ค30253,ทักษะกระบวนการคณิตศาสตร์ 3,MA30253,Math Process Skills 3,1,2,2
มัธยมปลาย,ม.ปลาย,2,ค30256,Mathematics for Admission,,,1,2,2
มัธยมปลาย,ม.ปลาย,1,ค30281,คณิตศาสตร์เพิ่มพูนประสบการณ์ 1,MA30281,Mathematics Enhances Experience 1,0.5,2,2
มัธยมปลาย,ม.4,2,ค30282,คณิตศาสตร์เพิ่มพูนประสบการณ์ 2,MA30282,Mathematics Enhances Experience 2,0.5,2,2
มัธยมปลาย,ม.5,1,ค30283,คณิตศาสตร์เพิ่มพูนประสบการณ์,MA30283,Mathematics enhances experience,0.5,2,2
มัธยมปลาย,ม.ปลาย,1,ค30291,คณิตศาสตร์ พสวท,MA30291,DPST Mathematics,0.5,2,2
มัธยมปลาย,ม.ปลาย,2,ค30292,คณิตศาสตร์ พสวท,MA30292,DPST Mathematics,0.5,2,2
มัธยมปลาย,ม.ปลาย,1,ค30293,คณิตศาสตร์ พสวท.,MA30293,Mathematics DPST.,0.5,2,2
มัธยมปลาย,ม.ปลาย,2,ค30294,คณิตศาสตร์ พสวท,MA30294,Mathematics DPST,0.5,2,2
มัธยมปลาย,ม.4,1,ค31101,คณิตศาสตร์พื้นฐาน 1,MA31101,Mathematics 1,1,1,2
มัธยมปลาย,ม.4,2,ค31102,คณิตศาสตร์พื้นฐาน 2,MA31102,Mathematics 2,1,1,2
มัธยมปลาย,ม.4,1,ค31111,คณิตศาสตร์ 1,MA31111,Mathematics 1,1,1,2
มัธยมปลาย,ม.4,2,ค31112,คณิตศาสตร์ 2,MA31112,Mathematics 2,1,1,2
มัธยมปลาย,ม.4,1,ค31201,คณิตศาสตร์เพิ่มเติม 1,MA31201,Additional Mathematics 1,2,2,2
มัธยมปลาย,ม.4,2,ค31202,คณิตศาสตร์เพิ่มเติม 2,MA31202,Additional Mathematics 2,2,2,2
มัธยมปลาย,ม.4,0,ค31203,คณิตศาสตร์สำหรับห้องเรียนพิเศษ 1,MA31203,Mathematics for Enrichment Program 1,2,2,2
มัธยมปลาย,ม.4,0,ค31204,พีชคณิต 2,MA31204,Algebra 2,2,2,2
มัธยมปลาย,ม.4,1,ค31221,ฝึกทักษะคณิตศาสตร์ 1,MA31221,Math Skills Practice 1,0.5,2,2
มัธยมปลาย,ม.4,2,ค31222,ฝึกทักษะคณิตศาสตร์ 2,MA31222,Math Skills Practice 2,0.5,2,2
มัธยมปลาย,ม.4,1,ค31223,สนุกคิดคณิตศาสตร์,MA31223,Math for Fun,1,3,2
มัธยมปลาย,ม.4,2,ค31242,พีชคณิต,MA31242,Algebra,2,2,2
มัธยมปลาย,ม.4,0,ค31297,คณิตศาสตร์เพิ่มเติม (คณิตศาสตร์ธุรกิจ),MA31207,Business mathematics,1.5,2,2
มัธยมปลาย,ม.5,1,ค32101,คณิตศาสตร์พื้นฐาน 3,MA32101,Mathematics 3,1,1,2
มัธยมปลาย,ม.5,2,ค32102,คณิตศาสตร์พื้นฐาน 4,MA32102,Mathematics 4,1,1,2
มัธยมปลาย,ม.5,1,ค32111,คณิตศาสตร์ 3,MA32111,Mathematics 3,1,1,2
มัธยมปลาย,ม.5,2,ค32112,คณิตศาสตร์ 4,MA32112,Mathematics 4,1,1,2
มัธยมปลาย,ม.5,1,ค32201,คณิตศาสตร์เพิ่มเติม 3,MA32201,Additional Mathematics 3,2,2,2
มัธยมปลาย,ม.5,2,ค32202,คณิตศาสตร์เพิ่มเติม 4,MA32202,Additional Mathematics 4,2,2,2
มัธยมปลาย,ม.5,1,ค32203,เรขาคณิต,MA32203,Geometry,2,2,2
มัธยมปลาย,ม.5,0,ค32204,พีชคณิต 3,MA32204,Algebra 3,2,2,2
มัธยมปลาย,ม.5,1,ค32211,คณิตศาสตร์เพิ่มเติม 3,MA32211,Advanced Mathematics 3,1.5,2,2
มัธยมปลาย,ม.5,2,ค32212,คณิตศาสตร์เพิ่มเติม 4,MA32212,Advanced Mathematics 4,1.5,2,2
มัธยมปลาย,ม.5,1,ค32221,ฝึกทักษะคณิตศาสตร์ 3,MA32221,Math Skills Practice 3,0.5,2,2
มัธยมปลาย,ม.5,2,ค32222,ฝึกทักษะคณิตศาสตร์ 4,MA32222,Math Skills Practice 4,0.5,2,2
มัธยมปลาย,ม.5,1,ค32227,ความถนัดทางคณิตศาสตร์3,MA32227,Math aptitude 3,1.5,2,2
มัธยมปลาย,ม.5,2,ค32228,ความถนัดทางคณิตศาสตร์ 4,MA32228,Math aptitude 4,1.5,2,2
มัธยมปลาย,ม.6,1,ค33101,คณิตศาสตร์พื้นฐาน 5,MA33101,Mathematics 5,1,1,2
มัธยมปลาย,ม.6,2,ค33102,คณิตศาสตร์พื้นฐาน 6,MA33102,Mathematics 6,1,1,2
มัธยมปลาย,ม.6,1,ค33111,คณิตศาสตร์ 5,MA33111,Mathematics 5,1,1,2
มัธยมปลาย,ม.6,2,ค33112,คณิตศาสตร์ 6,MA33112,Mathematics 6,1,1,2
มัธยมปลาย,ม.6,1,ค33201,คณิตศาสตร์เพิ่มเติม 5,MA33201,Additional Mathematics 5,2,2,2
มัธยมปลาย,ม.6,2,ค33202,คณิตศาสตร์เพิ่มเติม 6,MA33202,Additional Mathematics 6,2,2,2
มัธยมปลาย,ม.6,1,ค33203,แคลคูลัส 1,MA33203,Calculus 1,2,2,2
มัธยมปลาย,ม.6,2,ค33204,ความน่าจะเป็นและการประยุกต์,MA33204,Probability and its Application,2,2,2
มัธยมปลาย,ม.6,1,ค33205,คณิตศาสตร์สำหรับวิศวกรรม 1,MA33205,Engineering Mathematics 1,0.5,2,2
มัธยมปลาย,ม.6,2,ค33206,คณิตศาสตร์สำหรับวิศวกรรม 2,MA33206,Engineering Mathematics 2,0.5,2,2
มัธยมปลาย,ม.6,1,ค33207,คณิตศาสตร์สำหรับวิทยาศาสตร์สุขภาพ,MA33207,Mathematics for Health Sciences,0.5,2,2
มัธยมปลาย,ม.6,2,ค33212,คณิตศาสตร์เพิ่มเติม 6,MA33212,Advanced Mathematics 6,1,2,2
มัธยมปลาย,ม.6,1,ค33221,ฝึกทักษะคณิตศาสตร์ 5,MA33221,Math Skills Practice 5,0.5,2,2
มัธยมปลาย,ม.6,2,ค33222,ฝึกทักษะคณิตศาสตร์ 6,MA33222,Proofs in Mathematics,0.5,2,2
มัธยมปลาย,ม.6,2,ค33223,โครงงานคณิตศาสตร์,MA33223,Mathematical Projects,1,3,2
มัธยมปลาย,ม.6,1,ค33224,สถิติและการวิจัยเบื้องต้น,MA33224,Introduction to Statistics and Research,1,3,2
มัธยมปลาย,ม.6,2,ค33225,การพิสูจน์ทางคณิตศาสตร์,MA33225,Proofs in Mathematics,1,3,2
มัธยมปลาย,ม.ปลาย,1,ค33227,ความถนัดทางคณิตศาสตร์ 1,MA33227,Math aptitude 1,1,3,2
มัธยมปลาย,ม.ปลาย,0,ง30201,การบริหารจัดการยุคใหม่,OC30201,new era management,0.5,3,7
มัธยมปลาย,ม.5,0,ง30202,สารสนเทศกับการเรียนรู้ตลอดชีวิต,OC30202,Information and lifelong learning,0.5,2,7
มัธยมปลาย,ม.5,0,ง30203,วาทศิลป์ธุรกิจ,OC30203,Business Speech,0.5,2,7
มัธยมปลาย,ม.ปลาย,2,ง30204,เทคโนโลยีเพื่อชีวิต,OC30204,Technology in Everyday Life,0.5,2,7
มัธยมปลาย,ม.ปลาย,0,ง30205,สุนทรียภาพกับการตลาด,OT30205,,0.5,2,7
มัธยมปลาย,ม.ปลาย,0,ง30206,การบริหารจัดการธุรกิจในยุคโลกาภิวัฒน์,OC30206,Management in an Aged of Globalization,1,3,7
มัธยมปลาย,ม.6,1,ง30207,การตลาดเบื้องต้น,,,0.5,3,7
มัธยมปลาย,ม.6,2,ง30208,การบริหารจัดการธุรกิจเบื้องต้น,OC30208,Basic Business Management,0.5,3,7
มัธยมปลาย,ม.ปลาย,1,ง30209,เทคนิคปฏิบัติการพื้นฐานทางวิศวกรรม,OC30209,General Engineering Fundamental Laboratory,1,2,7
มัธยมปลาย,ม.ปลาย,0,ง30211,การเขียนโปรแกรมคอมพิวเตอร์ 1,OC30211,Computer Programming 1,1,2,7
มัธยมปลาย,ม.ปลาย,0,ง30212,การเขียนโปรแกรมคอมพิวเตอร์ 1,OC30212,Computer Programming 2,1,2,7
มัธยมปลาย,ม.ปลาย,0,ง30213,การพัฒนาโปรแกรมบนอุปกรณ์เคลื่อนที่,OC30213,Mobile Application Development,1,2,7
มัธยมปลาย,ม.ปลาย,0,ง30214,การออกแบบโปรแกรมประยุกต์,OC30214,Modeling and Design Application,1,2,7
มัธยมปลาย,ม.ปลาย,0,ง30221,เขียนแบบเบื้องต้น,OC30221,Introduction to Drafting Design,1,2,7
มัธยมปลาย,ม.ปลาย,0,ง30222,คอมพิวเตอร์ช่วยออกแบบ,OC30222,Computer Aided Design,1,2,7
มัธยมปลาย,ม.ปลาย,0,ง30223,พื้นฐานการวิจัยและพัฒนาทางวิศวกรรรม,OC30223,Elementary Engineering Research and Development,1,2,7
มัธยมปลาย,ม.ปลาย,0,ง30231,คณิตศาสตร์ธุรกิจ,OC30231,Business Mathematic,1.5,2,7
มัธยมปลาย,ม.ปลาย,0,ง30232,องค์การและการจัดการ,OC30232,Organization and Management,1.5,2,7
มัธยมปลาย,ม.ปลาย,0,ง30233,การบัญชีบริหารพื้นฐาน 1,OC30233,Fundamentals of Accountancy 1,1.5,2,7
มัธยมปลาย,ม.ปลาย,0,ง30234,การบัญชีบริหารพื้นฐาน 2,OC30234,Fundamentals of Accountancy 2,1.5,2,7
มัธยมปลาย,ม.ปลาย,0,ง30235,หลักการตลาด,OC30235,Principles of Marketing,1.5,2,7
มัธยมปลาย,ม.ปลาย,0,ง30236,การเงินธุรกิจ,OC30236,Business Finance,1.5,2,7
มัธยมปลาย,ม.ปลาย,0,ง30237,เศรษฐศาสตร์ประยุกต์,OC30237,Applied Economics,1.5,2,7
มัธยมปลาย,ม.ปลาย,0,ง30238,การเป็นผู้ประกอบการ,OC30238,Entrepreneurship,1.5,2,7
มัธยมปลาย,ม.ปลาย,0,ง30239,จริยธรรมธุรกิจและความรับผิดชอบต่อสังคม,OC30239,Business Ethics and Social Responsibility,1.5,2,7
มัธยมปลาย,ม.ปลาย,1,ง30240,การค้าปลีกและการพาณิชย์อิเล็กทรอนิกส์,OC30240,Electronic Commerce & Retailling,1,3,7
มัธยมปลาย,ม.ปลาย,2,ง30241,การตลาดดิจิทัล,OC30241,Digital Marketing,1,3,7
มัธยมปลาย,ม.ปลาย,0,ง30244,ซ่อมบำรุงคอมพิวเตอร์,OT30244,Computer Maintenance,1,3,7
มัธยมปลาย,ม.4,0,ง30245,เทคโนโลยีมัลติมีเดีย,OT30245,Technology Multimedia,1,3,7
มัธยมปลาย,ม.5,0,ง30246,การผลิตสื่ออิเล็คทรอนิกส์,OT30246,Production Of Electronic Media,1,3,7
มัธยมปลาย,ม.ปลาย,0,ง30247,การออกแบบและผลิตสื่อสิ่งพิมพ์,OT30247,Design and Media Printed Production,1,3,7
มัธยมปลาย,ม.ปลาย,0,ง30248,การผลิตงานแอนิเมชั่น,OT30248,Animation Production,1,3,7
มัธยมปลาย,ม.5,0,ง30249,การผลิตหนังสั้น,OT30249,Short Movie Production,1,3,7
มัธยมปลาย,ม.6,0,ง30250,ระบบปฏิบัติการ,OT30250,Operating System,1,3,7
มัธยมปลาย,ม.ปลาย,0,ง30251,การเขียนโปรแกรมคอมพิวเตอร์,OT30251,Computer Programming,1,3,7
มัธยมปลาย,ม.ปลาย,0,ง30252,การสร้างงานกราฟิกด้วยคอมพิวเตอร์,OT30252,Creating Computer Graphics,1,3,7
มัธยมปลาย,ม.ปลาย,0,ง30253,การใช้แอพพลิเคชั่นเพื่อการรับรู้สารสนเทศ,OT30253,,1,3,7
มัธยมปลาย,ม.ปลาย,0,ง30254,การจัดทำเอกสารและนำเสนอ,OT30254,,1,3,7
มัธยมปลาย,ม.6,0,ง30261,งานเชื่อมประสาน,OT30261,Fusion Welding,1,3,7
มัธยมปลาย,ม.ปลาย,0,ง30262,งานเขียนแบบเทคนิค,OT30262,Technical Drawing,1,3,7
มัธยมปลาย,ม.ปลาย,0,ง30263,งานวงจรไฟฟ้าอิเล็กทรอนิกส์,OT30263,Electric Circuit,1,2,7
มัธยมปลาย,ม.5,0,ง30264,งานเขียนแบบก่อสร้าง,OT30264,Constructing Blueprint,1,3,7
มัธยมปลาย,ม.ปลาย,0,ง30265,การถ่ายภาพเบื้องต้น,OT30265,Introduction to Photography,1,3,7
มัธยมปลาย,ม.6,0,ง30279,การผลิตหนังสั้น,OT30279,Short Movie Production,1,3,7
มัธยมปลาย,ม.ปลาย,1,ง30281,สถาบันการเงิน 1,OT30281,Financial Institution 1,1,2,7
มัธยมปลาย,ม.ปลาย,2,ง30282,สถาบันการเงิน 2,OC30282,Financial Institution 2,1,2,7
มัธยมปลาย,ม.ปลาย,2,ง30283,การประกันภัย,OT30283,Insurance,0.5,2,7
มัธยมปลาย,ม.ปลาย,0,ง30284,ขนมอบ,OT30284,Bakery,1,3,7
มัธยมปลาย,ม.5,0,ง30285,งานฝึกฝีมือโลหะ,OT30285,Metalworking Training,1,3,7
มัธยมปลาย,ม.ปลาย,0,ง30286,ช่างซ่อมบำรุงเครื่องใช้ไฟฟ้า,OT30286,Electrical Service,1,3,7
มัธยมปลาย,ม.ปลาย,0,ง30288,เทคนิคการถ่ายภาพ,OT30288,,1,3,7
มัธยมปลาย,ม.ปลาย,0,ง30290,ผ้าบาติก,OC30290,,1,2,7
มัธยมปลาย,ม.4,0,ง31101,การงานอาชีพ 1,OT31101,Occupation 1,0.5,1,7
มัธยมปลาย,ม.4,0,ง31102,การงานอาชีพ 2,OC31102,Occupation 2,0.5,1,7
มัธยมปลาย,ม.4,1,ง31103,เทคโนโลยี,OT31103,Technology,1,1,7
มัธยมปลาย,ม.4,1,ง31111,คอมพิวเตอร์และเทคโนโลยี,OT31111,Computer and Technology,1,1,7
มัธยมปลาย,ม.4,1,ง31119,เทคโนโลยี,OT31119,Technology,1,1,7
มัธยมปลาย,ม.4,2,ง31201,คอมพิวเตอร์กราฟฟิก,OT31201,Computer graphics,1,2,7
มัธยมปลาย,ม.4,2,ง31203,คอมพิวเตอร์และขั้นตอนวิธี,OT31203,Computer and algorithm,1,2,7
มัธยมปลาย,ม.4,0,ง31204,การเขียนโปรแกรม 1,OT31204,Programming 1,1,2,7
มัธยมปลาย,ม.4,2,ง31219,คอมพิวเตอร์และขั้นตอนวิธี,OT31219,Computer and algorithm,1,2,7
มัธยมปลาย,ม.4,2,ง31242,องค์การและการจัดการ,,,1.5,2,7
มัธยมปลาย,ม.4,2,ง31281,คณิตศาสตร์สำหรับธุรกิจ,,,1.5,2,7
มัธยมปลาย,ม.5,0,ง32101,การงานอาชีพ2,OT32101,Occupation and Technology 2,1,1,7
มัธยมปลาย,ม.5,0,ง32102,การงานอาชีพ,OT32102,Occupation and Technology 3,1,1,7
มัธยมปลาย,ม.5,1,ง32111,คอมพิวเตอร์ 1,OC32111,Computer 1,1,1,7
มัธยมปลาย,ม.5,2,ง32112,เทคโนโลยี 2,OC32112,Technology 2,1,1,7
มัธยมปลาย,ม.5,0,ง32201,การงานอาชีพ,OC32201,Occupation,0.5,2,7
มัธยมปลาย,ม.5,0,ง32202,การงานอาชีพ,OC32202,Occupation,0.5,2,7
มัธยมปลาย,ม.5,1,ง32203,การสร้างเว็บเพจเบื้องต้น 1,OC32203,Basic web page creation 1,1,2,7
มัธยมปลาย,ม.5,2,ง32204,การสร้างเว็บเพจเบื้องต้น 2,OC32204,Basic web page creation 2,1,2,7
มัธยมปลาย,ม.5,2,ง32211,การโปรแกรมและการประยุกต์,OC32211,Programming and application,1,2,7
มัธยมปลาย,ม.5,2,ง32219,การโปรแกรมและการประยุกต์,OC32219,Programming and application,1,2,7
มัธยมปลาย,ม.5,0,ง32226,อาชีพศึกษา,OT32226,Career Education,1,3,7
มัธยมปลาย,ม.6,0,ง33102,การปลูกไม้ดอก,OT33102,Floriculture Production,1,1,7
มัธยมปลาย,ม.6,0,ง33103,การปลูกผักทั่วไป,OT33103,General Vegetable Production,1,1,7
มัธยมปลาย,ม.6,0,ง33104,การจัดตู้พรรณไม้น้ำ,OT33104,Aquatic Plant Layout,1,1,7
มัธยมปลาย,ม.6,0,ง33105,ขนมไทย,OT33105,Thai Dessert,1,1,7
มัธยมปลาย,ม.6,0,ง33106,อาหารว่าง,OT33106,Snacks & Refreshments,1,1,7
มัธยมปลาย,ม.6,0,ง33107,ดอกไม้ใบตองและแกะสลัก,OT33107,Banana Leaf Flowers and Craft,1,1,7
มัธยมปลาย,ม.6,0,ง33108,สร้างสรรค์งานฝีมือ,OT33108,Manual – Work,1,1,7
มัธยมปลาย,ม.6,0,ง33109,ความรู้เรื่องบัญชี,OT33109,Basic Accounting,1,1,7
มัธยมปลาย,ม.6,1,ง33111,การสร้างสรรค์ผลงานทางคอมพิวเตอร์,OC33111,Computer creation,1,1,7
มัธยมปลาย,ม.6,0,ง33112,ช่างซ่อมเครื่องใช้ไฟฟ้าในบ้าน,OT33112,Electricity Service,1,1,7
มัธยมปลาย,ม.6,0,ง33113,การออกแบบสิ่งประดิษฐ์จำลอง,OT33113,Model Design,1,1,7
มัธยมปลาย,ม.6,0,ง33114,การออกแบบครุภัณฑ์,OT33114,Durable Goods Design,1,1,7
มัธยมปลาย,ม.6,0,ง33115,การเลี้ยงปลาทะเลสวยงาม,OT33115,Marine Fish Culture,1,1,7
มัธยมปลาย,ม.6,0,ง33117,การโปรแกรมและอัลกอริทึม,OT33117,Programming and Algorithm,1,1,7
มัธยมปลาย,ม.6,0,ง33118,องค์ประกอบคอมพิวเตอร์,OT33118,Computer Organization,1,1,7
มัธยมปลาย,ม.6,1,ง33119,คอมพิวเตอร์ 1,OC33119,Computer 1,1,1,7
มัธยมปลาย,ม.6,0,ง33121,การงานอาชีพและเทคโนโลยี 1,OT33121,Occupations and Technology 1,0.5,1,7
มัธยมปลาย,ม.6,0,ง33122,การงานอาชีพและเทคโนโลยี 2,OT33122,Occupations and Technology 2,0.5,1,7
มัธยมปลาย,ม.6,0,ง33123,การงานอาชีพและเทคโนโลยี 3,OT33123,Occupations and Technology 3,0.5,1,7
มัธยมปลาย,ม.6,0,ง33124,การงานอาชีพและเทคโนโลยี 4,OT33124,Occupations and Technology 4,0.5,1,7
มัธยมปลาย,ม.6,1,ง33201,การสร้างสื่อช่วยสอน,OC33201,Creating teaching materials,1,2,7
มัธยมปลาย,ม.6,2,ง33202,โครงงานคอมพิวเตอร์,OC33202,Computer project,1,2,7
มัธยมปลาย,ม.6,1,ง33203,สุนทรียภาพกับการตลาด,,,1,2,7
มัธยมปลาย,ม.ปลาย,1,จ30201,ภาษาจีนระดับกลาง 1,CH30201,Intermediate Chinese 1,1.5,2,8
มัธยมปลาย,ม.ปลาย,0,จ30202,ภาษาจีนระดับกลาง 2,CH30202,Intermediate Chinese 2,1.5,2,8
มัธยมปลาย,ม.ปลาย,1,จ30203,ภาษาจีนระดับกลาง 3,CH30203,Intermediate Chinese 3,1.5,2,8
มัธยมปลาย,ม.ปลาย,0,จ30204,ภาษาจีนระดับกลาง 4,CH30204,Intermediate Chinese 4,1.5,2,8
มัธยมปลาย,ม.ปลาย,1,จ30205,ภาษาจีนระดับกลาง 5,CH30205,Intermediate Chinese 5,1.5,2,8
มัธยมปลาย,ม.ปลาย,2,จ30206,ภาษาจีนระดับกลาง 6,CH30206,Intermediate Chinese 6,1.5,2,8
มัธยมปลาย,ม.ปลาย,1,จ30207,ทักษะการฟัง-พูด ภาษาจีน 1,CH30207,Chinese Listening-Speaking 1,1,2,8
มัธยมปลาย,ม.ปลาย,2,จ30208,ทักษะการฟัง-พูด ภาษาจีน 2,CH30208,Chinese Listening-Speaking 2,1,2,8
มัธยมปลาย,ม.ปลาย,0,จ30209,ทักษะการอ่าน-เขียน ภาษาจีน 1,CH30209,Chinese Reading and Writing Skills 1,1,2,8
มัธยมปลาย,ม.ปลาย,0,จ30210,ทักษะการอ่าน-เขียน ภาษาจีน 2,CH30210,Chinese Reading and Writing Skills 2,1,2,8
มัธยมปลาย,ม.ปลาย,0,จ30211,ทักษะการอ่าน-เขียน ภาษาจีน 3,CH30211,Chinese Reading and Writing Skills 3,2,2,8
มัธยมปลาย,ม.ปลาย,0,จ30212,เตรียมสอบวัดระดับภาษาจีน 1,CH30212,Prepare for the Chinese Proficiency Test 1,1,2,8
มัธยมปลาย,ม.ปลาย,0,จ30213,เตรียมสอบวัดระดับภาษาจีน 2,CH30213,Prepare for the Chinese Proficiency Test 2,1,2,8
มัธยมปลาย,ม.ปลาย,0,จ30214,เตรียมสอบวัดระดับภาษาจีน 3,CH30214,Prepare for the Chinese Proficiency Test 3,1,2,8
มัธยมปลาย,ม.ปลาย,0,จ30215,เตรียมสอบวัดระดับภาษาจีน 4,CH30215,Prepare for the Chinese Proficiency Test 4,1,2,8
มัธยมปลาย,ม.ปลาย,0,จ30216,เตรียมสอบวัดระดับภาษาจีน 5,CH30216,Prepare for the Chinese Proficiency Test 5,2,2,8
มัธยมปลาย,ม.ปลาย,1,จ30226,ภาษาจีนเพื่อการสื่อสาร 1,CH30226,Chinese for communication 1,1,2,8
มัธยมปลาย,ม.ปลาย,1,จ30231,ภาษาจีนฟัง-พูด 1,CH30201,Chinese Listen-Speaking 1,1,2,8
มัธยมปลาย,ม.ปลาย,2,จ30232,ภาษาจีนฟัง-พูด 2,CH30202,Chinese listen-speaking 2,1,2,8
มัธยมปลาย,ม.ปลาย,1,จ30233,ภาษาจีนอ่าน-เขียน 1,CH30203,Chinese Reading and Writing 1,1,2,8
มัธยมปลาย,ม.ปลาย,2,จ30234,ภาษาจีนอ่าน-เขียน 2,CH30204,Chinese Reading and Writing 2,1,2,8
มัธยมปลาย,ม.4,1,จ31201,ภาษาจีน 1,CH31201,Fundamental Chinese 1,2.5,2,8
มัธยมปลาย,ม.4,2,จ31202,ภาษาจีน 2,CH31202,Fundamental Chinese 2,2.5,2,8
มัธยมปลาย,ม.4,1,จ31203,ภาษาจีนเพื่ออุตสาหกรรมท่องเที่ยว 1,CH31203,Chinese for Tourism Industry 1,1,2,8
มัธยมปลาย,ม.4,2,จ31204,ภาษาจีนเพื่ออุตสาหกรรมท่องเที่ยว 2,CH31204,Chinese for Tourism Industry 2,1,2,8
มัธยมปลาย,ม.4,1,จ31205,ความถนัดภาษาจีน 1,CH31205,Chinese Aptitude 1,1,2,8
มัธยมปลาย,ม.4,2,จ31206,ความถนัดภาษาจีน 2,CH31206,Chinese Aptitude 2,1,2,8
มัธยมปลาย,ม.4,1,จ31221,ภาษาจีน 1,JA31221,Chinese 1,2,2,8
มัธยมปลาย,ม.4,2,จ31222,ภาษาจีน 2,JA31222,Chinese 2,1.5,2,8
มัธยมปลาย,ม.4,2,จ31227,ภาษาจีนเพิ่มเติม,CH31227,Additional Chinese,2,2,8
มัธยมปลาย,ม.4,2,จ31229,ภาษาจีนเพิ่มเติม,CH31229,Additional Chinese,1,2,8
มัธยมปลาย,ม.5,1,จ32201,ภาษาจีน 3,CH32201,Fundamental Chinese 3,2.5,2,8
มัธยมปลาย,ม.5,2,จ32202,ภาษาจีน 4,CH32202,Fundamental Chinese 3,2.5,2,8
มัธยมปลาย,ม.5,1,จ32203,ภาษาจีนอ่าน-เขียน 1,CH32203,Chinese Reading and Writing Skills 1,1,2,8
มัธยมปลาย,ม.5,2,จ32204,ภาษาจีนอ่าน-เขียน 2,CH32204,Chinese Reading and Writing Skills 2,1,2,8
มัธยมปลาย,ม.5,1,จ32205,ภาษาจีนเพื่อการสื่อสาร 1,CH32205,Chinese for communication 1,1,3,8
มัธยมปลาย,ม.5,2,จ32206,ภาษาจีนเพื่อการสื่อสาร 2,CH32206,Chinese for communication 2,1,3,8
มัธยมปลาย,ม.5,1,จ32207,ความถนัดภาษาจีน 3,CH32207,Aptitude in chinese 3,1,2,8
มัธยมปลาย,ม.5,2,จ32208,ความถนัดภาษาจีน 4,CH32208,Aptitude in chinese 4,1,2,8
มัธยมปลาย,ม.5,1,จ32221,ภาษาจีน 3,CH32221,Chinese 3,2,2,8
มัธยมปลาย,ม.5,2,จ32222,ภาษาจีน 4,CH32222,Chinese 4,2,2,8
มัธยมปลาย,ม.6,1,จ33201,ภาษาจีนพื้นฐาน 5,CH33201,Fundamental Chinese 4,2.5,2,8
มัธยมปลาย,ม.6,2,จ33202,ภาษาจีนพื้นฐาน 6,CH33202,Fundamental Chinese 5,2.5,2,8
มัธยมปลาย,ม.6,1,จ33203,ความถนัดภาษาจีน 5,CN33203,Chinese Aptitude 5,1,2,8
มัธยมปลาย,ม.6,2,จ33204,ความถนัดภาษาจีน 6,CH33204,Chinese Aptitude 6,1,2,8
มัธยมปลาย,ม.6,1,จ33221,ภาษาจีน 5,CH33221,Chinese 5,2,2,8
มัธยมปลาย,ม.6,2,จ33222,ภาษาจีน 6,CH33222,Chinese 6,2,2,8
มัธยมปลาย,ม.6,1,จ33224,ภาษาจีน 5,CH33224,Chinese 5,2.5,2,8
มัธยมปลาย,ม.6,2,จ33225,ภาษาจีน 6,CH33225,Chinese 6,2.5,2,8
มัธยมปลาย,ม.6,1,จ33231,ภาษาจีนอ่าน-เขียน 5,CH33231,Chinese Reading and Writing Skills 5,1.5,2,8
มัธยมปลาย,ม.6,2,จ33232,ภาษาจีนอ่าน-เขียน 6,CH33232,Chinese Reading and Writing Skills 6,1.5,2,8
มัธยมปลาย,ม.6,0,จ33281,ภาษาจีนเพื่อการสื่อสาร,CH33281,Chinese for Communication,1,3,8
มัธยมปลาย,ม.6,0,จ33282,ภาษาจีนการสอบมาตรฐาน,CH33282,Chinese Standardized Test,1,3,8
มัธยมปลาย,ม.ปลาย,0,ญ30201,ภาษาญี่ปุ่น 1,JP30201,Japanese 1,2,2,8
มัธยมปลาย,ม.ปลาย,0,ญ30202,ภาษาญี่ปุ่น 2,JP30202,Japanese 2,2,2,8
มัธยมปลาย,ม.ปลาย,0,ญ30203,ภาษาญี่ปุ่น 3,JP30203,Japanese 3,2,2,8
มัธยมปลาย,ม.ปลาย,0,ญ30204,ภาษาญี่ปุ่น 4,JP30204,Intermediate Japanese 4,1.5,2,8
มัธยมปลาย,ม.ปลาย,0,ญ30205,ภาษาญี่ปุ่นระดับกลาง 5,JP30205,Intermediate Japanese 5,1.5,2,8
มัธยมปลาย,ม.ปลาย,0,ญ30206,ภาษาญี่ปุ่นระดับกลาง 6,JP30206,Intermediate Japanese 6,1.5,2,8
มัธยมปลาย,ม.ปลาย,0,ญ30207,ทักษะการฟัง-พูด ภาษาญี่ปุ่น 1,JP30207,Japanese Listening and Speaking Skills 1,1,2,8
มัธยมปลาย,ม.ปลาย,0,ญ30208,ทักษะการฟัง-พูด ภาษาญี่ปุ่น 2,JP30208,Japanese Listening and Speaking Skills 2,1,2,8
มัธยมปลาย,ม.ปลาย,0,ญ30209,ทักษะการอ่าน-เขียน ภาษาญี่ปุ่น 1,JP30209,Japanese Reading and Writing Skills 1,1,2,8
มัธยมปลาย,ม.ปลาย,0,ญ30210,ทักษะการอ่าน-เขียน ภาษาญี่ปุ่น 2,JP30210,Japanese Reading and Writing Skills 2,1,2,8
มัธยมปลาย,ม.ปลาย,0,ญ30211,ทักษะการอ่าน-เขียน ภาษาญี่ปุ่น 3,JP30211,Japanese Reading and Writing Skills 3,2,2,8
มัธยมปลาย,ม.ปลาย,0,ญ30212,เตรียมสอบวัดระดับภาษาญี่ปุ่น 1,JP30212,Prepare for the Japanese Language Proficiency Test,1,2,8
มัธยมปลาย,ม.ปลาย,0,ญ30213,เตรียมสอบวัดระดับภาษาญี่ปุ่น 2,JP30213,Prepare for the Japanese Language Proficiency Test,1,2,8
มัธยมปลาย,ม.ปลาย,0,ญ30214,เตรียมสอบวัดระดับภาษาญี่ปุ่น 3,JP30214,,1,2,8
มัธยมปลาย,ม.ปลาย,0,ญ30215,เตรียมสอบวัดระดับภาษาญี่ปุ่น 4,JP30215,,1,2,8
มัธยมปลาย,ม.ปลาย,0,ญ30216,เตรียมสอบวัดระดับภาษาญี่ปุ่น 5,JP30216,Prepare for the Japanese Language Proficiency Test,2,2,8
มัธยมปลาย,ม.ปลาย,1,ญ30236,ภาษาญี่ปุ่นเพื่อการสื่อสาร,JA30236,Japanese for communication,1,2,8
มัธยมปลาย,ม.ปลาย,2,ญ30237,ภาษาญี่ปุ่นเพื่อการสื่อสาร 2,JA30237,Japanese for communication 2,1,2,8
มัธยมปลาย,ม.ปลาย,1,ญ30251,ภาษาญี่ปุ่นฟัง-พูด 1,JA302551,Japanese Listening-Speaking 1,1,2,8
มัธยมปลาย,ม.ปลาย,2,ญ30252,ภาษาญี่ปุ่นฟัง-พูด 2,JA30252,Japanese Listening-Speaking 2,1,2,8
มัธยมปลาย,ม.ปลาย,1,ญ30253,ภาษาญี่ปุ่นอ่าน-เขียน 1,JA30253,Japanese Reading and Writing 1,1,2,8
มัธยมปลาย,ม.ปลาย,2,ญ30254,ภาษาญี่ปุ่นอ่าน-เขียน 2,JA30254,Japanese Reading and Writing 2,1,2,8
มัธยมปลาย,ม.4,1,ญ31201,ภาษาญี่ปุ่น 1,JA31201,Fundamental Japanese 1,2.5,2,8
มัธยมปลาย,ม.4,2,ญ31202,ภาษาญี่ปุ่น 2,JA31202,Fundamental Japanese 2,2.5,2,8
มัธยมปลาย,ม.4,1,ญ31203,ภาษาญี่ปุ่นเพื่ออุตสาหกรรมท่องเที่ยว 1,JA31203,Japanese for Tourism Industry 1,1,2,8
มัธยมปลาย,ม.4,2,ญ31204,ภาษาญี่ปุ่นเพื่ออุตสาหกรรมท่องเที่ยว 2,JA31204,Japanese for Tourism Industry 2,1,2,8
มัธยมปลาย,ม.4,1,ญ31205,ความถนัดภาษาญี่ปุ่น 1,JA31205,Proficiency in Japanese 1,1,3,8
มัธยมปลาย,ม.4,2,ญ31206,ความถนัดภาษาญี่ปุ่น 2,JA31206,Proficiency in Japanese 2,1,2,8
มัธยมปลาย,ม.4,1,ญ31221,ภาษาญี่ปุ่น 1,JA31221,Japanese 1,2,2,8
มัธยมปลาย,ม.4,2,ญ31222,ภาษาญี่ปุ่น 2,JA31222,Japanese 2,1.5,2,8
มัธยมปลาย,ม.4,2,ญ31228,ภาษาญี่ปุ่น 2,JA31228,Japanese 2,2,2,8
มัธยมปลาย,ม.4,1,ญ31231,ญี่ปุ่น,JA31231,Japanese,1,2,8
มัธยมปลาย,ม.5,1,ญ32201,ภาษาญี่ปุ่น 3,JA32201,Fundamental Japanese 3,2.5,2,8
มัธยมปลาย,ม.5,2,ญ32202,ภาษาญี่ปุ่น 4,JA32202,Fundamental Japanese 4,2.5,2,8
มัธยมปลาย,ม.5,1,ญ32203,ภาษาญี่ปุ่นอ่าน-เขียน 1,JA32203,Japanese Reading-Writing 1,1,2,8
มัธยมปลาย,ม.5,2,ญ32204,ภาษาญี่ปุ่นอ่าน-เขียน 2,CH32204,Japanese reading-writing 2,1,2,8
มัธยมปลาย,ม.5,1,ญ32205,ภาษาญี่ปุ่นเพื่อการสื่อสาร 1,JA32205,Japanese for Communication 1,1,3,8
มัธยมปลาย,ม.5,2,ญ32206,ภาษาญี่ปุ่นเพื่อการสื่อสาร 2,JA32206,Japanese for Communication 2,1,3,8
มัธยมปลาย,ม.5,1,ญ32207,ความถนัดภาษาญี่ปุ่น 3,JA32207,Proficiency in Japanese 3,1,2,8
มัธยมปลาย,ม.5,2,ญ32208,ความถนัดภาษาญี่ปุ่น 4,JA32208,Proficiency in Japanese 4,1,2,8
มัธยมปลาย,ม.5,1,ญ32221,ภาษาญี่ปุ่น 3,JA32221,Japanese 3,2,2,8
มัธยมปลาย,ม.5,2,ญ32222,ภาษาญี่ปุ่น 4,JA32222,Japanese 4,2,2,8
มัธยมปลาย,ม.6,1,ญ33201,ภาษาญี่ปุ่นพื้นฐาน 5,JA33201,Fundamental Japanese 5,2.5,2,8
มัธยมปลาย,ม.6,2,ญ33202,ภาษาญี่ปุ่นพื้นฐาน 6,JA33202,Fundamental Japanese 6,2.5,2,8
มัธยมปลาย,ม.6,0,ญ33203,ความถนัดภาษาญี่ปุ่น 5,JA33203,Proficiency in Japanese 5,1,2,8
มัธยมปลาย,ม.6,0,ญ33204,ความถนัดภาษาญี่ปุ่น 6,JA33204,Proficiency in Japanese 6,1,2,8
มัธยมปลาย,ม.6,1,ญ33221,ภาษาญี่ปุ่น 5,JA33221,Japanese 5,2,2,8
มัธยมปลาย,ม.6,2,ญ33222,ภาษาญี่ปุ่น 6,JA33222,Japanese 6,2,2,8
มัธยมปลาย,ม.6,1,ญ33231,ภาษาญี่ปุ่นอ่าน-เขียน 5,JA33231,Japanese Reading and Writing Skills 5,1.5,2,8
มัธยมปลาย,ม.6,2,ญ33232,ภาษาญี่ปุ่นอ่าน-เขียน 6,JA33232,Japanese Reading and Writing Skills 6,1.5,2,8
มัธยมปลาย,ม.6,1,ญ33234,ภาษาญี่ปุ่น 5,JA33234,Japanese 5,2.5,2,8
มัธยมปลาย,ม.6,2,ญ33235,ภาษาญี่ปุ่น 6,JA33235,Japanese 6,2.5,2,8
มัธยมปลาย,ม.6,2,ญ33251,ภาษาญี่ปุ่นอักษรคันจิ,JA33251,Japanese Kanji Characters,1,3,8
มัธยมปลาย,ม.ปลาย,1,ต30201,ภาษาเกาหลีฟัง-พูด 1,KO30201,Korean Listening-Speaking 1,1,2,8
มัธยมปลาย,ม.ปลาย,2,ต30202,ภาษาเกาหลีฟัง-พูด 2,KO30202,Korean Listening-Speaking 2,1,2,8
มัธยมปลาย,ม.ปลาย,0,ต30215,เกาหลี,KO30215,Korean,1,2,8
มัธยมปลาย,ม.4,1,ต31201,ภาษาเกาหลี 1,KO31201,Korean 1,2.5,2,8
มัธยมปลาย,ม.4,2,ต31202,ภาษาเกาหลี 2,KO31202,Korean 2,2.5,2,8
มัธยมปลาย,ม.4,1,ต31203,ภาษาเกาหลีเพื่ออุตสาหกรรมท่องเที่ยว 1,KO31203,Korean for Tourism Industry 1,1,2,8
มัธยมปลาย,ม.4,2,ต31204,ภาษาเกาหลีเพื่ออุตสาหกรรมท่องเที่ยว 2,KO31204,Korean for Tourism Industry 2,1,2,8
มัธยมปลาย,ม.4,1,ต31205,ความถนัดภาษาเกาหลี 1,KO31205,Proficiency in Korean 1,1,2,8
มัธยมปลาย,ม.4,2,ต31206,ความถนัดภาษาเกาหลี 2,KO31206,Proficiency in Korean 2,1,2,8
มัธยมปลาย,ม.4,1,ต31221,ภาษาเกาหลี 1,KO31221,Korean 1,2,2,8
มัธยมปลาย,ม.4,2,ต31222,ภาษาเกาหลี 2,KO31222,Korean 2,2,2,8
มัธยมปลาย,ม.5,2,ต32202,ภาษาเกาหลี 4,KO32202,Korean 4,2.5,2,8
มัธยมปลาย,ม.5,2,ต32204,ภาษาเกาหลีอ่าน - เขียน 2,KO32204,Korean reading-writing 2,1,2,8
มัธยมปลาย,ม.ปลาย,2,ต32206,ภาษาเกาหลีเพื่อการสื่อสาร 2,KO32206,Korean Language for Communication 2,1,3,8
มัธยมปลาย,ม.5,1,ต32221,ภาษาเกาหลี 3,KO32221,Korean 3,2,2,8
มัธยมปลาย,ม.5,2,ต32222,ภาษาเกาหลี 4,KO32222,Korean 4,2,2,8
มัธยมปลาย,ม.6,2,ต33202,ภาษาเกาหลี 6,KO33202,Korean 6,2.5,2,8
มัธยมปลาย,ม.6,1,ต33203,ความถนัดทางภาษาเกาหลี 5,KR33203,Proficiency in Korean 5,1,2,8
มัธยมปลาย,ม.6,2,ต33204,ความถนัดทางภาษาเกาหลี 6,KO33204,Proficiency in Korean 6,1,2,8
มัธยมปลาย,ม.ปลาย,1,ท30101,ภาษาไทย,TH30101,Thai,1,1,1
มัธยมปลาย,ม.4,1,ท31101,ภาษาไทยพื้นฐาน 1,TH31101,Thai Language 1,1,1,1
มัธยมปลาย,ม.4,2,ท31102,ภาษาไทยพื้นฐาน 2,TH31102,Thai Language 2,1,1,1
มัธยมปลาย,ม.4,1,ท31201,การพูดเพื่อชีวิต,TH31201,Speech,1,2,1
มัธยมปลาย,ม.4,2,ท31202,ภาษาเพื่ออนาคต,TA31202,Language for the future,1,2,1
มัธยมปลาย,ม.4,1,ท31203,ภาษาไทยนิทรรศน์ 1,TH31203,Thai show case 1,1,2,1
มัธยมปลาย,ม.4,2,ท31204,ภาษาไทยนิทรรศน์ 2,TH31204,Thai show case 2,1,2,1
มัธยมปลาย,ม.4,1,ท31211,สื่อสารเชิงสร้างสรรค์ 1,TH31211,Creativity Communication 1,0.5,2,1
มัธยมปลาย,ม.4,2,ท31212,สื่อสารเชิงสร้างสรรค์ 2,TH31212,Creativity Communication 2,0.5,2,1
มัธยมปลาย,ม.5,1,ท32101,ภาษาไทยพื้นฐาน 3,TH32101,Thai Language 3,1,1,1
มัธยมปลาย,ม.5,2,ท32102,ภาษาไทยพื้นฐาน 4,TH32102,Thai Language 4,1,1,1
มัธยมปลาย,ม.5,1,ท32201,ประวัติวรรณคดี 1,TH32201,History of literature 1,1,2,1
มัธยมปลาย,ม.5,2,ท32202,ประวัติวรรณคดี 2,TH32202,History of literature 2,1,2,1
มัธยมปลาย,ม.5,0,ท32203,ความถนัดภาษาไทย 1,TH32203,Thai Aptitude 1,1,3,1
มัธยมปลาย,ม.5,0,ท32204,ความถนัดภาษาไทย 2,TH32204,Thai Aptitude 2,1,3,1
มัธยมปลาย,ม.5,0,ท32205,บาลีในภาษาไทย 1,TH32205,Pali in Thai Language 1,1,3,1
มัธยมปลาย,ม.5,1,ท32211,ภาษากับการจรรโลงวัฒนธรรม,TH32211,Language and Culture Cherishment,0.5,2,1
มัธยมปลาย,ม.5,2,ท32212,ภาษาเพื่อพัฒนาทักษะการเขียน,TH32212,Language and Writing Skills,0.5,2,1
มัธยมปลาย,ม.6,1,ท33101,ภาษาไทยพื้นฐาน 5,TH33101,Thai Language 5,1,1,1
มัธยมปลาย,ม.6,2,ท33102,ภาษาไทยพื้นฐาน 6,TH33102,Thai Language 6,1,1,1
มัธยมปลาย,ม.6,1,ท33201,รอบรู้หลักภาษาไทย 1,TH33201,Knowledge of the Thai language 1,1,2,1
มัธยมปลาย,ม.6,2,ท33202,การอ่านคิดวิเคราะห์เขียน,TH33202,Analytical reading,1,2,1
มัธยมปลาย,ม.6,0,ท33203,ภาษาไทยในสื่อ,TH33203,Thai Language in Multimedia,1,3,1
มัธยมปลาย,ม.6,0,ท33204,ภาษาต่างประเทศในภาษาไทย,TH33204,Foreign Language Used in the Thai Context,1,3,1
มัธยมปลาย,ม.6,2,ท33205,บาลีพื้นฐาน 2,TH33205,Basic Pali,1,3,1
มัธยมปลาย,ม.6,0,ท33206,พินิจหลักภาษาไทย,TH33206,Analysis Thai Language Grammar and Structure,1,3,1
มัธยมปลาย,ม.6,0,ท33207,ภาษาไทยเพื่อการสอบมาตรฐาน 1,TH33207,Thai For Standadized Test 1,1,3,1
มัธยมปลาย,ม.6,0,ท33208,ภาษาไทยเพื่อการสอบมาตรฐาน 2,TH33208,Thai For Standadized Test 2,1,3,1
มัธยมปลาย,ม.6,0,ท33209,ภาษาไทยเพื่อการสื่อสารมวลชน,TH33209,Thai Language for Mass Communication,1,3,1
มัธยมปลาย,ม.6,1,ท33211,ภาษาสร้างสรรค์สื่อจินตนาการ,TH33211,Language and Creativity,0.5,2,1
มัธยมปลาย,ม.6,2,ท33212,สานภาษาเพื่อการคิดวัฒนะ,TH33212,Language and Effective Communication,0.5,2,1
มัธยมปลาย,ม.ปลาย,1,ฝ30201,ภาษาฝรั่งเศสฟัง-พูด 1,FR30201,French Listening - Speaking 1,1,2,8
มัธยมปลาย,ม.ปลาย,2,ฝ30202,ภาษาฝรั่งเศสฟัง-พูด 2,FR30202,French Listening - Speaking 2,1,2,8
มัธยมปลาย,ม.ปลาย,1,ฝ30203,ภาษาฝรั่งเศสอ่าน-เขียน 1,FR30203,French Reading and Writing 1,1,2,8
มัธยมปลาย,ม.ปลาย,2,ฝ30204,ภาษาฝรั่งเศสอ่าน-เขียน 2,FR30204,French Reading and Writing 2,1,2,8
มัธยมปลาย,ม.ปลาย,1,ฝ30246,ภาษาฝรั่งเศสเพื่อการสื่อสาร 1,FR30246,French for Communication 1,1,2,8
มัธยมปลาย,ม.ปลาย,2,ฝ30247,ภาษาฝรั่งเศสเพื่อการสื่อสาร 2,FR30247,French for Communication 2,1,2,8
มัธยมปลาย,ม.4,1,ฝ31201,ภาษาฝรั่งเศส 1,FR31201,Fundamental French 1,2.5,2,8
มัธยมปลาย,ม.4,2,ฝ31202,ภาษาฝรั่งเศส 2,FR31202,Fundamental French 1,2.5,2,8
มัธยมปลาย,ม.4,1,ฝ31203,ภาษาฝรั่งเศสเพื่ออุตสาหกรรมท่องเที่ยว 1,FR31203,French for Tourism 1,1,2,8
มัธยมปลาย,ม.4,2,ฝ31204,ภาษาฝรั่งเศสเพื่ออุตสาหกรรมท่องเที่ยว 2,FR31204,French for Tourism 2,1,2,8
มัธยมปลาย,ม.4,1,ฝ31205,ความถนัดภาษาฝรั่งเศส 1,FR31205,French Aptitude 1,1,2,8
มัธยมปลาย,ม.4,2,ฝ31206,ความถนัดภาษาฝรั่งเศส 2,FA31206,French Aptitude 2,1,2,8
มัธยมปลาย,ม.5,1,ฝ32201,ภาษาฝรั่งเศส 3,FR32201,Fundamental French 3,2.5,2,8
มัธยมปลาย,ม.5,2,ฝ32202,ภาษาฝรั่งเศส 4,FR32202,Fundamental French 4,2.5,2,8
มัธยมปลาย,ม.5,1,ฝ32203,ภาษาฝรั่งเศสอ่าน-เขียน 1,FR32203,French Reading and Writing Skills 1,1,2,8
มัธยมปลาย,ม.5,2,ฝ32204,ภาษาฝรั่งเศสอ่าน-เขียน 2,FR32204,French Reading and Writing Skills 2,1,2,8
มัธยมปลาย,ม.5,1,ฝ32205,ภาษาฝรั่งเศสเพื่อการสื่อสาร 1,FR32205,French for Communication 1,1,3,8
มัธยมปลาย,ม.5,2,ฝ32206,ภาษาฝรั่งเศสเพื่อการสื่อสาร 2,FR32206,French for Communication 2,1,3,8
มัธยมปลาย,ม.5,1,ฝ32207,ความถนัดภาษาฝรั่งเศส 3,FR32207,French Aptitude 3,1,2,8
มัธยมปลาย,ม.5,2,ฝ32208,ความถนัดภาษาฝรั่งเศส 4,FR32208,French Aptitude 4,1,2,8
มัธยมปลาย,ม.6,1,ฝ33201,ภาษาฝรั่งเศส 5,FR33201,Fundamental French 5,2.5,2,8
มัธยมปลาย,ม.6,2,ฝ33202,ภาษาฝรั่งเศส 6,FR33202,Fundamental French 6,2.5,2,8
มัธยมปลาย,ม.6,1,ฝ33203,ความถนัดภาษาฝรั่งเศส 5,FR33203,French Aptitude 5,1,2,8
มัธยมปลาย,ม.6,2,ฝ33204,ความถนัดภาษาฝรั่งเศส 6,FR33204,French Aptitude 6,1,3,8
มัธยมปลาย,ม.6,1,ฝ33231,ภาษาฝรั่งเศสอ่าน-เขียน 5,FR33231,French Reading and Writing Skills 5,1.5,2,8
มัธยมปลาย,ม.6,2,ฝ33232,ภาษาฝรั่งเศสอ่าน-เขียน 6,FR33232,French Reading and Writing Skills 6,1.5,2,8
มัธยมปลาย,ม.6,1,ฝ33244,ภาษาฝรั่งเศส 5,FR33244,French 5,2.5,2,8
มัธยมปลาย,ม.6,2,ฝ33245,ภาษาฝรั่งเศส 6,FR33245,French 6,2.5,2,8
มัธยมปลาย,ม.6,1,ฝ33261,ภาษาฝรั่งเศสในวิถีชีวิต 1,FR33261,French Culture and Communication 1,0.5,2,8
มัธยมปลาย,ม.6,2,ฝ33262,ภาษาฝรั่งเศสในวิถีชีวิต 2,FR33262,French Culture and Communication 2,0.5,2,8
มัธยมปลาย,ม.ปลาย,0,ฝ33279,ภาษาฝรั่งเศสเพื่อการเดินทาง,FR33279,French for travel,1,3,8
มัธยมปลาย,ม.ปลาย,0,พ30241,การสร้างเสริมสมรรถภาพทางกาย,HP30241,Body Conditioning,1,3,5
มัธยมปลาย,ม.6,2,พ30242,การละเล่นของไทย,HP30242,Thai Folk Play,1,3,5
มัธยมปลาย,ม.6,0,พ30243,กิจกรรมเข้าจังหวะ,HP30243,Rhythmic Activities,1,3,5
มัธยมปลาย,ม.5,0,พ30246,กอล์ฟ,HP30246,Golf,1,3,5
มัธยมปลาย,ม.5,0,พ30249,เทนนิส,HP30249,Tennis,1,3,5
มัธยมปลาย,ม.6,0,พ30252,แบดมินตัน,HP30252,Badminton,1,3,5
มัธยมปลาย,ม.ปลาย,0,พ30255,ฟุตบอล,HP30255,Soccer,1,3,5
มัธยมปลาย,ม.5,0,พ30256,หมากกระดาน,HP30256,Board Game,1,3,5
มัธยมปลาย,ม.4,0,พ30263,ศิลปป้องกันตัว,HP30263,Martial Art,1,3,5
มัธยมปลาย,ม.5,0,พ30265,ฮอกกี้สนาม,HP30265,Field Hockey,1,3,5
มัธยมปลาย,ม.4,0,พ30266,นวดแผนไทย,HP30266,Thai Massage,1,3,5
มัธยมปลาย,ม.5,0,พ30267,วู้ดบอล,HP30267,Woodball,1,3,5
มัธยมปลาย,ม.ปลาย,0,พ30269,ฟุตซอล,HP30269,Futsal,1,3,5
มัธยมปลาย,ม.4,1,พ31101,สุขศึกษาและพลศึกษา 1,HP31101,Health Education 1,0.5,1,5
มัธยมปลาย,ม.4,2,พ31102,สุขศึกษาและพลศึกษา 2,HP31102,Health Education 2,0.5,1,5
มัธยมปลาย,ม.4,1,พ31201,วูซู 1,HP31201,Wushu 1,1,3,5
มัธยมปลาย,ม.4,2,พ31202,วูซู 2,HP31202,Wushu 2,1,3,5
มัธยมปลาย,ม.4,1,พ31203,เทควันโด 1,HP31203,Taekwondo 1,1,3,5
มัธยมปลาย,ม.4,2,พ31204,เทควันโด 2,HP31204,Taekwondo 2,1,3,5
มัธยมปลาย,ม.4,1,พ31205,กายวิภาคศาสตร์เบื้องต้น,HP31205,Introduction to anatomy,0.5,3,5
มัธยมปลาย,ม.4,2,พ31206,พื้นฐานการเคลื่อนไหวของมนุษย์,HP31206,Fundamentals of Human Movement,0.5,3,5
มัธยมปลาย,ม.4,1,พ31207,สมรรถภาพทางกาย,HP31207,Physical fitness,0.5,3,5
มัธยมปลาย,ม.4,2,พ31208,หลักการออกกำลังกาย,HP31208,Exercise principles,0.5,3,5
มัธยมปลาย,ม.5,1,พ32101,สุขศึกษาและพลศึกษา 3,HP32101,Health and Physical Education 3,0.5,1,5
มัธยมปลาย,ม.5,2,พ32102,สุขศึกษาและพลศึกษา 4,HP32102,Health and Physical Education 4,0.5,1,5
มัธยมปลาย,ม.5,1,พ32201,แบดมินตัน,HP32201,Badminton,0.5,2,5
มัธยมปลาย,ม.5,2,พ32202,แบดมินตัน,HP32202,Badminton,0.5,2,5
มัธยมปลาย,ม.5,1,พ32207,สมรรถภาพทางกาย,,,3,3,5
มัธยมปลาย,ม.5,2,พ32208,หลักการออกกำลังกาย,,,3,3,5
มัธยมปลาย,ม.6,1,พ33101,สุขศึกษาและพลศึกษา 5,HP33101,Health and Physical Education 5,0.5,1,5
มัธยมปลาย,ม.6,2,พ33102,สุขศึกษาและพลศึกษา 6,HP33102,Health and Physical Education 6,0.5,1,5
มัธยมปลาย,ม.6,1,พ33201,พลศึกษา,HP33201,Physical Education,0.5,2,5
มัธยมปลาย,ม.6,2,พ33202,พลศึกษา,HP33202,Physical Education,0.5,2,5
มัธยมปลาย,ม.6,0,พ33223,เทคนิคการจัดการกับความเครียด,HP33223,Stress Management Techniques,1,3,5
มัธยมปลาย,ม.ปลาย,0,ว30101,วิทยาศาสตร์กายภาพ 1,ST30101,Physical Science 1,1.5,1,3
มัธยมปลาย,ม.ปลาย,0,ว30102,วิทยาศาสตร์กายภาพ 2,ST30102,Physical Science 2,1.5,1,3
มัธยมปลาย,ม.ปลาย,0,ว30103,วิทยาศาสตร์ชีวภาพ,ST30103,Biological Science,1.5,1,3
มัธยมปลาย,ม.ปลาย,0,ว30104,วิทยาศาสตร์โลกและอวกาศ,ST30104,Earth and Space Science,1.5,1,3
มัธยมปลาย,ม.ปลาย,0,ว30105,วิทยาศาสตร์กายภาพ,ST30105,Physical Science,1.5,1,3
มัธยมปลาย,ม.ปลาย,0,ว30201,ปฏิบัติการฟิสิกส์,ST30201,Physics Laboratory,1,3,3
มัธยมปลาย,ม.ปลาย,0,ว30202,ฟิสิกส์สำหรับวิศวกรรม,ST30202,Physics for Engineering,0.5,2,3
มัธยมปลาย,ม.ปลาย,0,ว30203,ฟิสิกส์สำหรับวิศวกรรม 2,ST30203,Physics for Engineering 2,1,2,3
มัธยมปลาย,ม.ปลาย,0,ว30204,ฟิสิกส์สำหรับสถาปัตยกรรม 1,ST30204,Physics for Architecture 1,1.5,2,3
มัธยมปลาย,ม.ปลาย,0,ว30205,ฟิสิกส์สำหรับสถาปัตยกรรม 2,ST30205,Physics for Architecture 2,1.5,2,3
มัธยมปลาย,ม.ปลาย,0,ว30206,ฟิสิกส์สำหรับสถาปัตยกรรม 3,ST30206,Physics for Architecture 3,1,2,3
มัธยมปลาย,ม.ปลาย,0,ว30207,ฟิสิกส์สำหรับสถาปัตยกรรม 4,ST30207,Physics for Architecture 4,1,2,3
มัธยมปลาย,ม.ปลาย,0,ว30208,ความถนัดวิทยาศาสตร์ 2,ST30208,Science Aptitude 2,1,2,3
มัธยมปลาย,ม.ปลาย,0,ว30209,ปฏิบัติการชีววิทยา,ST30209,Biology Laboratory,1,3,3
มัธยมปลาย,ม.ปลาย,0,ว30211,ฟิสิกส์ 1 (กลศาสตร์),ST30211,Mechanics,2,2,3
มัธยมปลาย,ม.ปลาย,0,ว30212,ฟิสิกส์ 2 (ของเหลว ของแข็ง และอุณหพลวัต),ST30212,Fluids and Solid Mechanics and Thermodynamics,2,2,3
มัธยมปลาย,ม.ปลาย,0,ว30213,ฟิสิกส์ 3 (แม่เหล็กและไฟฟ้า),ST30213,Electricity and Magnetism,2,2,3
มัธยมปลาย,ม.ปลาย,0,ว30214,ฟิสิกส์ 4 (แสงและเสียง),ST30214,Optics and Acoustics,2,2,3
มัธยมปลาย,ม.ปลาย,0,ว30215,ฟิสิกส์ 5 (ฟิสิกส์สมัยใหม่),ST30215,Modern Physics,1,2,3
มัธยมปลาย,ม.ปลาย,0,ว30221,ปฏิบัติการเคมี,ST30221,Chemistry Laboratory,1,3,3
มัธยมปลาย,ม.ปลาย,0,ว30222,เคมีสำหรับวิศวกรรม,ST30222,Chemistry for Engineering,1,3,3
มัธยมปลาย,ม.ปลาย,0,ว30231,เคมีอนินทรีย์ 1,ST31231,Inorganic Chemistry 1,1.5,2,3
มัธยมปลาย,ม.ปลาย,0,ว30232,เคมีอนินทรีย์ 2,ST30232,Inorganic Chemistry 2,2,2,3
มัธยมปลาย,ม.ปลาย,0,ว30233,เคมีเชิงฟิสิกส์,ST30233,Physical Chemistry,1.5,2,3
มัธยมปลาย,ม.ปลาย,0,ว30234,เคมีอินทรีย์และชีวเคมี,ST30234,Organic Chemistry and Biochemistry,2,2,3
มัธยมปลาย,ม.ปลาย,0,ว30235,เคมีไฟฟ้า,ST30235,Electrochemistry,1.5,2,3
มัธยมปลาย,ม.ปลาย,0,ว30241,สรีรวิทยาเบื้องต้น,ST30241,Basic Physiology,1,2,3
มัธยมปลาย,ม.ปลาย,0,ว30242,ปฏิบัติการชีววิทยา,ST30242,Biology Laboratory,1,3,3
มัธยมปลาย,ม.ปลาย,0,ว30251,ชีววิทยา 1 (เซลล์),ST30251,Cell,2,2,3
มัธยมปลาย,ม.ปลาย,0,ว30252,ชีววิทยา 2 (วิวัฒนาการและพันธุศาสตร์),ST32252,Genetics and Evolution,2,2,3
มัธยมปลาย,ม.ปลาย,0,ว30253,ชีววิทยา 3 (จุลชีววิทยา),ST30253,Microbiology,2,2,3
มัธยมปลาย,ม.ปลาย,0,ว30254,ชีววิทยา 4 (กายวิภาคศาสตร์และสรีรวิทยา),ST30254,Anatomy and Physiology,2,2,3
มัธยมปลาย,ม.ปลาย,0,ว30255,ชีววิทยา 5 (ชีวภูมิศาสตร์),ST30255,Biogeography,2,2,3
มัธยมปลาย,ม.ปลาย,0,ว30261,โลก ดาราศาสตร์และอวกาศ 1,ST30261,Earth Astronomy and Space 1,1,2,3
มัธยมปลาย,ม.ปลาย,1,ว30262,โลก ดาราศาสตร์และอวกาศ 2,ST30262,Earth Astronomy and Space 2,1,2,3
มัธยมปลาย,ม.ปลาย,1,ว30281,การสืบเสาะอย่างวิทยาศาสตร์และธรรมชาติวิทยาศาสตร์ 1,ST30281,Scientific Investigation 1,1,2,3
มัธยมปลาย,ม.ปลาย,2,ว30282,การสืบเสาะอย่างวิทยาศาสตร์และธรรมชาติวิทยาศาสตร์ 2,ST30282,Scientific Investigation 2,1,2,3
มัธยมปลาย,ม.6,0,ว30283,ฟิสิกส์พื้นฐานวิศวกรรม,ST30283,Physics for Basic Engineering,1,3,3
มัธยมปลาย,ม.ปลาย,2,ว30285,ระเบียบวิธีวิจัยเบื้องต้น,ST30285,Introduction to Research Methodology,1,2,3
มัธยมปลาย,ม.6,0,ว30286,สมุนไพรใกล้ตัว,ST30286,Local Herbs,1,3,3
มัธยมปลาย,ม.ปลาย,0,ว30287,การโปรแกรมคอมพิวเตอร์ 1,ST30287,Computer Programming 1,1,2,3
มัธยมปลาย,ม.ปลาย,2,ว30288,การโปรแกรมคอมพิวเตอร์ 2,ST30288,Computer Programming 2,1,2,3
มัธยมปลาย,ม.6,0,ว30289,การคิดและการสร้างสรรค์,ST30289,Thinking and Creativity,1,3,3
มัธยมปลาย,ม.ปลาย,1,ว30290,โครงงานวิทยาศาสตร์ 1,ST30290,Science Project 1,1,2,3
มัธยมปลาย,ม.ปลาย,0,ว30291,โครงงานวิทยาศาสตร์ 2,ST30291,Science Project 2,1,2,3
มัธยมปลาย,ม.ปลาย,1,ว30293,คอมพิวเตอร์ประยุกต์ 1,ST30293,Applied Computer 1,1,2,3
มัธยมปลาย,ม.ปลาย,2,ว30294,คอมพิวเตอร์ประยุกต์ 2,ST30294,Applied Computer 2,1,2,3
มัธยมปลาย,ม.ปลาย,1,ว30295,คอมพิวเตอร์ประยุกต์ 3,ST30295,Applied Computer 3,2,2,3
มัธยมปลาย,ม.ปลาย,2,ว30296,คอมพิวเตอร์ประยุกต์ 4,ST30296,Applied Computer 4,1,2,3
มัธยมปลาย,ม.6,1,ว30297,การออกแบบสื่อกราฟิกสร้างสรรค์ 1,ST30297,Creative Media Design 1,1,2,3
มัธยมปลาย,ม.6,2,ว30298,การออกแบบสื่อกราฟิกสร้างสรรค์ 2,ST30298,Creative Media Design 1,1,2,3
มัธยมปลาย,ม.4,1,ว31101,วิทยาศาสตร์ 1,ST31101,Science 1,1,1,3
มัธยมปลาย,ม.4,2,ว31102,วิทยาศาสตร์ 2,ST31102,Science 2,1,1,3
มัธยมปลาย,ม.4,0,ว31191,การออกแบบและเทคโนโลยี 1,ST31191,Design and Technology 1,1,1,3
มัธยมปลาย,ม.4,0,ว31192,วิทยาการคำนวณ 1,ST31192,Computing Science 1,1,1,3
มัธยมปลาย,ม.4,0,ว31193,คอมพิวเตอร์และอัลกอริทึม,ST31193,Computer and Algorithm,1,1,3
มัธยมปลาย,ม.4,0,ว31194,การแก้ปัญหาด้วยภาษาโปรแกรม,ST31194,Problem Solving with Programming,1,1,3
มัธยมปลาย,ม.4,1,ว31201,ฟิสิกส์ 1,ST31201,Physics 1,2,2,3
มัธยมปลาย,ม.4,2,ว31202,ฟิสิกส์ 2,ST31202,Physics 2,2,2,3
มัธยมปลาย,ม.4,1,ว31206,ฟิสิกส์ 6,ST31206,Physics 6,2,2,3
มัธยมปลาย,ม.4,2,ว31207,ฟิสิกส์ 7,ST31207,Physics 7,2,2,3
มัธยมปลาย,ม.4,2,ว31211,กลศาสตร์,ST31211,Mechanics,2,2,3
มัธยมปลาย,ม.4,0,ว31215,ฟิสิกส์ 1 (กลศาสตร์),ST31215,Physics 1,2,2,3
มัธยมปลาย,ม.4,1,ว31221,เคมี 1,ST31221,Chemistry 1,1.5,2,3
มัธยมปลาย,ม.4,2,ว31222,เคมี 2,ST31222,Chemistry 2,1.5,2,3
มัธยมปลาย,ม.4,1,ว31226,เคมี 6,ST31226,Chemistry 6,1.5,2,3
มัธยมปลาย,ม.4,2,ว31227,เคมี 7,ST31227,Chemistry 7,1.5,2,3
มัธยมปลาย,ม.4,1,ว31241,ชีววิทยา 1,ST31241,Biology 1,1.5,2,3
มัธยมปลาย,ม.4,2,ว31242,ชีววิทยา 2,ST31242,Biology 2,1.5,2,3
มัธยมปลาย,ม.4,1,ว31246,ชีววิทยา 6,ST31246,Biology 6,1.5,2,3
มัธยมปลาย,ม.4,2,ว31247,ชีววิทยา 7,ST31247,Biology 7,1.5,2,3
มัธยมปลาย,ม.4,0,ว31251,ชีววิทยา 1 (เซลล์),ST31251,Biology 1,2,2,3
มัธยมปลาย,ม.4,0,ว31252,ชีววิทยา 2 (พันธุกรรม),ST31252,Biology 2 (genetics),2,2,3
มัธยมปลาย,ม.4,0,ว31280,โครงงานวิทยาศาสตร์,ST31280,Science Project,0.5,2,3
มัธยมปลาย,ม.4,0,ว31281,นวัตกรรมเพื่อวิทยาการ,ST31281,Innovation for science,0.5,2,3
มัธยมปลาย,ม.ปลาย,2,ว31282,นวัตกรรมเพื่อวิทยาการ 2,,,0.5,2,3
มัธยมปลาย,ม.5,0,ว31283,นวัตกรรมเพื่อวิทยาการ 3,ST31283,Innovation for Science 3,0.5,2,3
มัธยมปลาย,ม.4,0,ว31291,การออกแบบและเทคโนโลยี 1,ST31291,Design and Technology 1,1,2,3
มัธยมปลาย,ม.4,2,ว31292,การเขียนโปรแกรม 1,ST31292,Computer Programming 1,1,2,3
มัธยมปลาย,ม.4,0,ว31293,การออกแบบระบบอิเล็กทรอนิกส์,ST31293,Electronic Systems Design,1,2,3
มัธยมปลาย,ม.4,0,ว31294,การออกแบบ 3 มิติ,ST31294,3D Modeling and Design,1,2,3
มัธยมปลาย,ม.4,1,ว31295,คอมพิวเตอร์กราฟิกประยุกต์ 1,ST31295,Applied Computer Graphics 1,1,3,3
มัธยมปลาย,ม.4,2,ว31296,คอมพิวเตอร์กราฟิกประยุกต์ 2,ST31296,Applied Computer Graphics 2,1,3,3
มัธยมปลาย,ม.5,0,ว32191,การออกแบบและเทคโนโลยี 2,,,1,1,3
มัธยมปลาย,ม.5,0,ว32192,วิทยาการคำนวณ 2,,,1,1,3
มัธยมปลาย,ม.5,1,ว32203,ฟิสิกส์ 3,ST32203,Physics 3,2,2,3
มัธยมปลาย,ม.5,2,ว32204,ฟิสิกส์ 4,ST32204,Physics 4,2,2,3
มัธยมปลาย,ม.5,0,ว32208,ฟิสิกส์ 8,ST32208,Physics 8,2,2,3
มัธยมปลาย,ม.5,0,ว32209,ฟิสิกส์ 9,ST32209,Physics 9,2,2,3
มัธยมปลาย,ม.5,1,ว32211,แรงและพลังงาน,ST32211,Forces and Energy,0.5,2,3
มัธยมปลาย,ม.5,1,ว32215,ฟิสิกส์ 2 (ของเหลว ของแข็ง และความร้อน),ST32215,Physics 2,2,2,3
มัธยมปลาย,ม.5,2,ว32216,ฟิสิกส์ 3 (คลื่นและไฟฟ้า),ST32216,Physics 3,2,2,3
มัธยมปลาย,ม.5,1,ว32223,เคมี 3,ST32223,Chemistry 3,1.5,2,3
มัธยมปลาย,ม.5,2,ว32224,เคมี 4,ST32224,Chemistry 4,1.5,2,3
มัธยมปลาย,ม.5,1,ว32228,เคมี 8,ST32228,Chemistry 8,1.5,2,3
มัธยมปลาย,ม.5,0,ว32229,เคมี 9,ST32229,Chemistry 9,1.5,2,3
มัธยมปลาย,ม.5,1,ว32243,ชีววิทยา 3,ST32243,Biology 3,1.5,2,3
มัธยมปลาย,ม.5,2,ว32244,ชีววิทยา 4,ST32244,Biology 4,1.5,2,3
มัธยมปลาย,ม.5,1,ว32248,ชีววิทยา 8,ST32248,Biology 8,1.5,2,3
มัธยมปลาย,ม.5,0,ว32249,ชีววิทยา 9,ST32249,Biology 9,2,2,3
มัธยมปลาย,ม.5,1,ว32251,ชีววิทยา 3 (วิวัฒนาการและจุลชีววิทยา),ST32251,Microbiology,2,2,3
มัธยมปลาย,ม.5,0,ว32261,โลก ดาราศาสตร์และอวกาศ,ST32261,Astronomy and Space Earth,1,2,3
มัธยมปลาย,ม.5,2,ว32271,ดาราศาสตร์และอวกาศ,ST32271,Astronomy and Space,0.5,2,3
มัธยมปลาย,ม.5,1,ว32281,การโปรแกรมคอมพิวเตอร์ 1,ST32281,Computer Programming 1,1,2,3
มัธยมปลาย,ม.5,2,ว32282,การโปรแกรมคอมพิวเตอร์ 2,ST32282,Computer Programming 2,1,2,3
มัธยมปลาย,ม.5,1,ว32283,การสร้างสื่อสร้างสรรค์ 1,ST32283,Creative Media 1,1,2,3
มัธยมปลาย,ม.5,2,ว32284,การสร้างสื่อสร้างสรรค์ 2,ST32284,Creative Media 2,1,2,3
มัธยมปลาย,ม.5,0,ว32290,โปรแกรมประยุกต์,ST32290,Computer Application,1,2,3
มัธยมปลาย,ม.5,0,ว32291,การออกแบบและเทคโนโลยี 2,ST32291,Design and Technology 2,1,2,3
มัธยมปลาย,ม.5,0,ว32292,วิทยาการคำนวณ 2,ST32292,Computing Science 2,1,2,3
มัธยมปลาย,ม.5,2,ว32293,โปรแกรมประยุกต์,ST32293,Computer Project,1,2,3
มัธยมปลาย,ม.5,1,ว32294,การเขียนโปรแกรม 2,ST32294,Computer Programming 2,1,2,3
มัธยมปลาย,ม.5,2,ว32295,การเขียนโปรแกรม 3,ST32295,Computer Programming 3,1,2,3
มัธยมปลาย,ม.5,1,ว32296,คอมพิวเตอร์กราฟิก 2,ST32296,Computer Graphics 2,1,2,3
มัธยมปลาย,ม.5,2,ว32297,คอมพิวเตอร์กราฟิก 3,ST32297,Computer Graphics 3,1,2,3
มัธยมปลาย,ม.5,1,ว32298,หุ่นยนต์ 1,ST32298,Robotics 1,1,2,3
มัธยมปลาย,ม.5,2,ว32299,หุ่นยนต์ 2,ST32299,Robotics 2,1,2,3
มัธยมปลาย,ม.6,1,ว33201,วิทยาศาสตร์เพิ่มเติม 1,ST33201,Science for Non-Science Major,1.5,2,3
มัธยมปลาย,ม.6,2,ว33202,วิทยาศาสตร์เพิ่มเติม 2,ST33202,Science for Non-Science Major,1.5,2,3
มัธยมปลาย,ม.6,0,ว33205,ฟิสิกส์ 5,ST33205,Physics 5,2,2,3
มัธยมปลาย,ม.6,1,ว33210,ฟิสิกส์ 10,ST33210,Physics 10,2,2,3
มัธยมปลาย,ม.6,0,ว33215,ฟิสิกส์ 4 (แม่เหล็กไฟฟ้า),ST33215,Electromagnetism,2,2,3
มัธยมปลาย,ม.6,0,ว33225,เคมี 5,ST33225,Chemistry 5,1.5,2,3
มัธยมปลาย,ม.6,0,ว33230,เคมี 10,SC33230,chemical 10,1.5,2,3
มัธยมปลาย,ม.6,1,ว33245,ชีววิทยา 5,ST33245,Biology 5,2,2,3
มัธยมปลาย,ม.6,1,ว33250,ชีววิทยา 10,ST33250,Biology 10,2,2,3
มัธยมปลาย,ม.6,1,ว33251,กายวิภาคศาสตร์และสรีรวิทยา,ST33251,Anatomy and Physiology,2,2,3
มัธยมปลาย,ม.6,2,ว33281,คอมพิวเตอร์เพื่อการออกแบบ,ST33281,Computer Aided Design,1,2,3
มัธยมปลาย,ม.6,2,ว33282,การวิจัยและพัฒนาทางวิศวกรรม,ST33282,Elementary Engineering Research and Development,1,2,3
มัธยมปลาย,ม.6,1,ว33291,วิทยาการคำนวณ 3,ST33291,Computing Science 3,1,2,3
มัธยมปลาย,ม.6,1,ว33292,สัมมนาคอมพิวเตอร์,ST33292,Computer Seminar,1,2,3
มัธยมปลาย,ม.6,1,ว33293,เว็บโปรแกรมมิ่ง 1,ST33293,Web Programming 1,1,2,3
มัธยมปลาย,ม.6,2,ว33294,เว็บโปรแกรมมิ่ง 2,ST33294,Web Programming,1,2,3
มัธยมปลาย,ม.6,1,ว33295,เทคโนโลยีเพื่อการออกแบบ,ST33295,Design Technology,1,2,3
มัธยมปลาย,ม.6,2,ว33298,การออกแบบสื่อกราฟิกสร้างสรรค์ 2,ST33298,Creative Media Design 2,1,2,3
มัธยมปลาย,ม.ปลาย,1,ศ30201,วาดเส้น 1,AR30201,Drawing 1,1,2,6
มัธยมปลาย,ม.ปลาย,2,ศ30202,วาดภาพระบายสี,AR30202,Drawing 2,1,2,6
มัธยมปลาย,ม.ปลาย,1,ศ30203,องค์ประกอบศิลป์,AR30203,Art Composition,1,2,6
มัธยมปลาย,ม.ปลาย,2,ศ30204,สีน้ำ สีโปสเตอร์,AR30204,Color watercolor poster,1,2,6
มัธยมปลาย,ม.5,0,ศ30205,วาดเส้น 3,AR30205,Drawing 3,1,3,6
มัธยมปลาย,ม.5,0,ศ30206,ทฤษฎีศิลป์,AR30206,Theory of Art,1,3,6
มัธยมปลาย,ม.5,0,ศ30207,ออกแบบ 1,AR30207,Design 1,1,3,6
มัธยมปลาย,ม.5,0,ศ30208,ออกแบบ 2,AR30208,Design 2,1,3,6
มัธยมปลาย,ม.ปลาย,0,ศ30209,วาดเส้น 4,,Drawing 4,1,3,6
มัธยมปลาย,ม.6,0,ศ30210,ธุรกิจศิลป์,AR30210,,1,3,6
มัธยมปลาย,ม.6,0,ศ30211,ออกแบบกราฟิก,AR30211,Graphic Design,1,3,6
มัธยมปลาย,ม.6,0,ศ30212,ความถนัดทางศิลปะ,AR30212,Artistic aptitude,1,3,6
มัธยมปลาย,ม.ปลาย,1,ศ30213,ทฤษฎีดนตรีสากล 1,AR30213,Music Theory 1,1,3,6
มัธยมปลาย,ม.ปลาย,2,ศ30214,ทฤษฎีดนตรีสากล 2,AR30214,Music Theory 2,1,3,6
มัธยมปลาย,ม.ปลาย,0,ศ30215,ขับร้องสากล 1,AR30215,Voice Training 1,1,3,6
มัธยมปลาย,ม.ปลาย,2,ศ30216,ขับร้องสากล 2,AR30216,Voice Training 2,1,3,6
มัธยมปลาย,ม.ปลาย,0,ศ30217,ดนตรีสากล 3,AR30217,Music 3,1,3,6
มัธยมปลาย,ม.ปลาย,2,ศ30218,ดนตรีสากล 4,AR30218,Instruments Practicing 4,1,3,6
มัธยมปลาย,ม.ปลาย,0,ศ30219,ขับร้องสากล 3,AR30219,Voice Training 3,1,3,6
มัธยมปลาย,ม.ปลาย,2,ศ30220,ขับร้องสากล 4,AR30220,Voice Training 4,1,3,6
มัธยมปลาย,ม.ปลาย,1,ศ30221,ดนตรีสากล 5,AR30221,Instruments Practicing 5,2,3,6
มัธยมปลาย,ม.ปลาย,0,ศ30222,ดนตรีสร้างสรรค์,AR30222,Creative Music Technology,2,3,6
มัธยมปลาย,ม.ปลาย,1,ศ30225,ปฏิบัติดนตรีไทย 1,AR30225,Thai Instrument Performance 1,1,3,6
มัธยมปลาย,ม.ปลาย,2,ศ30226,ปฏิบัติดนตรีไทย 2,AR30226,Thai Instrument Performance 2,1,3,6
มัธยมปลาย,ม.ปลาย,1,ศ30227,ปฏิบัติดนตรีไทย 3,AR30227,Thai Instrument Performance 3,1,3,6
มัธยมปลาย,ม.ปลาย,2,ศ30228,ปฏิบัติดนตรีไทย 4,AR30228,Thai Instrument Performance 4,1,3,6
มัธยมปลาย,ม.ปลาย,1,ศ30229,ปฏิบัติดนตรีไทย 5,AR30229,Thai Instrument Performance 5,2,3,6
มัธยมปลาย,ม.ปลาย,2,ศ30230,ปฏิบัติดนตรีไทย 6,,Thai Instrument Performance 6,2,3,6
มัธยมปลาย,ม.ปลาย,0,ศ30231,นาฏศิลป์ไทยเบื้องต้น 1,AR30231,Thai Folk and Classical Dance 1,2,3,6
มัธยมปลาย,ม.ปลาย,0,ศ30232,นาฏศิลป์ไทยเบื้องต้น 2,AR30232,Thai Folk and Classical Dance 2,2,3,6
มัธยมปลาย,ม.ปลาย,0,ศ30233,นาฏศิลป์ไทยอนุรักษ์ 1,AR30233,Thai Folk and Classical Dance 3,1,3,6
มัธยมปลาย,ม.ปลาย,0,ศ30234,นาฏศิลป์ไทยอนุรักษ์ 2,AR30234,Thai Folk and Classical Dance 4,1,3,6
มัธยมปลาย,ม.ปลาย,1,ศ30235,ระบำมาตรฐาน 1,,Standard Classical Dance 1,2,3,6
มัธยมปลาย,ม.ปลาย,0,ศ30236,ระบำมาตรฐาน 2,,Standard Classical Dance 2,2,3,6
มัธยมปลาย,ม.ปลาย,0,ศ30237,ความถนัดทางนาฏศิลป์,,,1,3,6
มัธยมปลาย,ม.ปลาย,0,ศ30238,ความรู้ทั่วไปด้านศิลปะ,AR30238,Basic Art,2,3,6
มัธยมปลาย,ม.ปลาย,0,ศ30239,ความรู้ทั่วไปด้านสถาปัตยกรรม,AR30239,On Architectural Knowledge,1,3,6
มัธยมปลาย,ม.ปลาย,0,ศ30240,การเขียนทัศนียภาพ,AR30228,Illustrated Design,1,3,6
มัธยมปลาย,ม.ปลาย,2,ศ30241,เส้นสถาปัตยกรรมและจินตนาการ,AR30241,Architecture and Imagination,2,3,6
มัธยมปลาย,ม.ปลาย,1,ศ30242,สเก็ตดีไซด์ 2 มิติ,AR30242,Sketch Design,2,3,6
มัธยมปลาย,ม.ปลาย,0,ศ30243,โมเดล 3 มิติ,AR30243,3D Modeling,2,3,6
มัธยมปลาย,ม.ปลาย,1,ศ30244,ความรู้ความถนัดด้านดนตรีไทย,,,1,3,6
มัธยมปลาย,ม.ปลาย,0,ศ30245,บรรเลงหมู่ดนตรีสากล 1,AR30245,Music Ensemble 1,1,3,6
มัธยมปลาย,ม.ปลาย,2,ศ30246,บรรเลงหมู่ดนตรีสากล 2,AR30246,Music Ensemble 2,1,3,6
มัธยมปลาย,ม.5,0,ศ30253,บรรเลงหมู่ดนตรีสากล 1,AR30253,Music Ensemble 1,1,3,6
มัธยมปลาย,ม.5,0,ศ30254,บรรเลงหมู่ดนตรีสากล 2,AR30254,Music Ensemble 2,1,3,6
มัธยมปลาย,ม.ปลาย,0,ศ30255,บรรเลงหมู่ดนตรีไทย 1,AR30255,Thai Music Ensemble 1,1,3,6
มัธยมปลาย,ม.ปลาย,2,ศ30256,บรรเลงหมู่ดนตรีไทย 2,AR30256,Thai Music Ensemble 2,1,3,6
มัธยมปลาย,ม.ปลาย,0,ศ30258,หลักการเขียนภาพเบื้องต้น,AR30223,Elementary Drawing,1,3,6
มัธยมปลาย,ม.ปลาย,0,ศ30259,วาดภาพด้วยสีน้ำ,AR30225,Water Color,1,3,6
มัธยมปลาย,ม.5,0,ศ30261,บรรเลงหมู่ดนตรีไทย 1,AR30261,Thai Music Ensemble 1,1,3,6
มัธยมปลาย,ม.5,0,ศ30262,บรรเลงหมู่ดนตรีไทย 2,AR30262,Thai Music Ensemble 2,1,3,6
มัธยมปลาย,ม.5,0,ศ30264,สร้างภาพยนตร์ 2,AR30214,Movie Making 2,1,3,6
มัธยมปลาย,ม.5,0,ศ30267,นาฏศิลป์สากล 1,AR30267,International Dance 1,1,3,6
มัธยมปลาย,ม.4,0,ศ30269,ศิลปะการละคร 1,AR30269,Dramatics Art 1,1,3,6
มัธยมปลาย,ม.ปลาย,0,ศ30271,นาฏยประดิษฐ์,AR30271,Choreography,1,3,6
มัธยมปลาย,ม.ปลาย,0,ศ30272,ศิลปะการแต่งหน้า,AR30272,Make - Up Art,1,3,6
มัธยมปลาย,ม.4,0,ศ30273,ทฤษฎีสี,AR30213,Theory Of Color,1,3,6
มัธยมปลาย,ม.ปลาย,0,ศ30274,วาดภาพคนเหมือนด้วยดินสอ,AR30224,Portrait Drawing Pencil,1,3,6
มัธยมปลาย,ม.5,0,ศ30275,ละครสากล,AR30275,Drama,1,3,6
มัธยมปลาย,ม.5,0,ศ30277,ภาพพิมพ์,AR30210,Printmaking,1,3,6
มัธยมปลาย,ม.ปลาย,0,ศ30279,เขียนสีบนผลิตภัณฑ์,AR30229,Product Painting,1,3,6
มัธยมปลาย,ม.ปลาย,0,ศ30280,คีย์บอร์ด 1,AR30280,Keyboard 1,1,3,6
มัธยมปลาย,ม.6,0,ศ30281,ศิลปะนิยม,AR30221,Art Appreciation,1,3,6
มัธยมปลาย,ม.6,0,ศ30282,สร้างภาพยนตร์ 1,AR30232,Movie Making 1,1,3,6
มัธยมปลาย,ม.5,0,ศ30283,วาดภาพด้วยสีโปสเตอร์,AR30226,Poster Color,1,3,6
มัธยมปลาย,ม.6,0,ศ30284,เทคโนโลยีดนตรี,AR30284,Music Technology,1,3,6
มัธยมปลาย,ม.5,0,ศ30285,วาดภาพด้วยคอมพิวเตอร์,AR30234,Digital Paint,1,3,6
มัธยมปลาย,ม.5,0,ศ30286,เขียนภาพทิวทัศน์,AR30227,Landscape Painting,1,3,6
มัธยมปลาย,ม.6,0,ศ30287,ทำผลิตภัณฑ์ด้วยกระดาษ,AR30237,Paper Productions,1,3,6
มัธยมปลาย,ม.ปลาย,0,ศ30288,บรรเลงหมู่ดนตรีสากล 3,AR30288,Music Ensemble 3,1,3,6
มัธยมปลาย,ม.6,0,ศ30289,ทำผลิตภัณฑ์ด้วยกระดาษสา,AR30238,Mulberry Paper Products,1,3,6
มัธยมปลาย,ม.ปลาย,0,ศ30290,พิมพ์ซิลค์สกรีน,AR30230,Silk - screen Process,1,3,6
มัธยมปลาย,ม.6,0,ศ30291,ภาพพิมพ์ 1,AR30211,Printmaking 1,1,3,6
มัธยมปลาย,ม.5,0,ศ30294,สร้างภาพเคลื่อนไหวด้วยคอมพิวเตอร์,AR30294,Computer Animation,1,3,6
มัธยมปลาย,ม.5,0,ศ30295,ออกแบบนิเทศศิลป์,AR30215,Art Communication Design,1,3,6
มัธยมปลาย,ม.4,0,ศ30296,ออกแบบประยุกต์ศิลป์,AR30216,Applied Art,1,3,6
มัธยมปลาย,ม.ปลาย,0,ศ30297,ออกแบบผลิตภัณฑ์,AR30297,Product Design,1,3,6
มัธยมปลาย,ม.6,0,ศ30298,ศิลปะการตกแต่ง,AR30298,Decorative Art,1,3,6
มัธยมปลาย,ม.ปลาย,0,ศ30299,การเขียนภาพไทยและลายไทย,AR30299,Thai Classical Pattern Drawing,1,3,6
มัธยมปลาย,ม.4,1,ศ31101,ศิลปะพื้นฐาน 1,AR31101,Art 1,0.5,1,6
มัธยมปลาย,ม.4,2,ศ31102,ศิลปะพื้นฐาน 2,AR31102,Art 2,0.5,1,6
มัธยมปลาย,ม.4,1,ศ31111,ทัศนศิลป์ 1,AR31111,Visual Arts 1,0.5,1,6
มัธยมปลาย,ม.4,2,ศ31112,ทัศนศิลป์ 2,AR31112,Visual Arts 2,0.5,1,6
มัธยมปลาย,ม.4,0,ศ31121,ดนตรีและนาฏศิลป์ 1,AR31121,Music and Dramatics 1,0.5,1,6
มัธยมปลาย,ม.4,0,ศ31122,ดนตรีและนาฏศิลป์ 2,AR31122,Music and Dramatics 2,0.5,1,6
มัธยมปลาย,ม.5,1,ศ32101,ศิลปะพื้นฐาน 3,AR32101,Art 3,0.5,1,6
มัธยมปลาย,ม.5,2,ศ32102,ศิลปะพื้นฐาน 4,AR32102,Art 4,0.5,1,6
มัธยมปลาย,ม.5,1,ศ32111,ทัศนศิลป์ 3,AR32111,Visual Arts 3,0.5,1,6
มัธยมปลาย,ม.5,2,ศ32112,ทัศนศิลป์ 4,AR32112,Visual Arts 4,0.5,1,6
มัธยมปลาย,ม.5,0,ศ32121,ดนตรีและนาฏศิลป์ 3,AR32121,Music and Dramatics 3,0.5,1,6
มัธยมปลาย,ม.5,0,ศ32122,ดนตรีและนาฏศิลป์ 4,AR32122,Music and Dramatics 4,0.5,1,6
มัธยมปลาย,ม.6,1,ศ33101,ศิลปะพื้นฐาน 5,AR33101,Art 5,0.5,1,6
มัธยมปลาย,ม.6,2,ศ33102,ศิลปะพื้นฐาน 6,AR33102,Art 6,0.5,1,6
มัธยมปลาย,ม.6,1,ศ33111,ทัศนศิลป์ 5,AR33111,Visual Arts 5,0.5,1,6
มัธยมปลาย,ม.6,2,ศ33112,ทัศนศิลป์ 6,AR33112,Visual Arts 6,0.5,1,6
มัธยมปลาย,ม.ปลาย,1,ส30201,โลกแห่งความคิด,SO30201,World Of Idea,1,2,4
มัธยมปลาย,ม.ปลาย,2,ส30202,โลกาภิวัตน์ศึกษา,SO30202,Globalization Studies,1,2,4
มัธยมปลาย,ม.4,1,ส30203,ภูมิศาสตร์การท่องเที่ยว,SO30203,Tourism geography,0.5,2,4
มัธยมปลาย,ม.4,2,ส30204,วัฒนธรรมเพื่อการท่องเที่ยว,SO31206,Culture for tourism,0.5,2,4
มัธยมปลาย,ม.5,0,ส30205,กฏหมายเบื้องต้น,SO30205,primary law,1,2,4
มัธยมปลาย,ม.ปลาย,0,ส30209,พลวัตการเมืองการปกครองไทย,SO30209,Dynamic of Thai politics,1,3,4
มัธยมปลาย,ม.ปลาย,0,ส30211,การท่องเที่ยววิถีชุมชน,SO30211,Local Tourism,0.5,2,4
มัธยมปลาย,ม.ปลาย,0,ส30212,การท่องเที่ยววิถีไทย,SO30212,Thainess Tourism,0.5,2,4
มัธยมปลาย,ม.ปลาย,2,ส30231,หน้าที่พลเมือง 1,SO30231,Civil Duty 1,0.5,2,4
มัธยมปลาย,ม.ปลาย,2,ส30232,หน้าที่พลเมือง 2,SO30232,Civil Duty 2,0.5,2,4
มัธยมปลาย,ม.ปลาย,1,ส30233,หน้าที่พลเมือง 3,SO30233,Civil Duty 3,0.5,2,4
มัธยมปลาย,ม.ปลาย,2,ส30234,หน้าที่พลเมือง 4,SO30234,Civil Duty 4,0.5,2,4
มัธยมปลาย,ม.6,2,ส30262,สันติภาพกับโลกปัจจุบัน,SO30262,Peace and Current Affairs,1,3,4
มัธยมปลาย,ม.4,1,ส31101,หน้าที่พลเมือง 1,SO31101,Civic Duty 1,1,1,4
มัธยมปลาย,ม.4,2,ส31102,หน้าที่พลเมือง 2,SO31102,Civic Duty 2,1,1,4
มัธยมปลาย,ม.4,1,ส31103,ประวัติศาสตร์ไทย 1,SO31103,Thai History 1,0.5,1,4
มัธยมปลาย,ม.4,2,ส31104,ประวัติศาสตร์ไทย 2,SO31104,Thai History 2,0.5,1,4
มัธยมปลาย,ม.4,1,ส31105,พระพุทธศาสนา 1,SO31105,Buddhism 1,0.5,1,4
มัธยมปลาย,ม.4,2,ส31106,พระพุทธศาสนา 2,SO31106,Buddhism 2,0.5,1,4
มัธยมปลาย,ม.4,1,ส31111,พระพุทธศาสนา 1,SO31111,Buddhism 1,0.5,1,4
มัธยมปลาย,ม.4,2,ส31112,พระพุทธศาสนา 2,SO31112,Buddhism 2,0.5,1,4
มัธยมปลาย,ม.4,1,ส31121,ประวัติศาสตร์ 1,SO31121,History 1,0.5,1,4
มัธยมปลาย,ม.4,2,ส31122,ประวัติศาสตร์ 2,SO31122,History 2,0.5,1,4
มัธยมปลาย,ม.4,1,ส31201,กฎหมายแพ่งและพาณิชย์,SO31201,Civil and Commercial Law,1,3,4
มัธยมปลาย,ม.4,2,ส31202,กฎหมายแพ่งและพาณิชย์ 2,SO31202,Civil and Commercial Law II,1,3,4
มัธยมปลาย,ม.4,1,ส31203,รัฐศาสตร์เบื้องต้น,SO31203,Political Science,1,3,4
มัธยมปลาย,ม.4,2,ส31204,ประวัติศาสตร์การเมืองไทย,SO31204,Thai political history,1,3,4
มัธยมปลาย,ม.4,2,ส31221,การศึกษาเพื่อพัฒนาพลเมือง,SO31221,Civic Education for Thai Society,1,2,4
มัธยมปลาย,ม.4,1,ส31232,กฎหมายกับเยาวชนไทย,SO31232,Laws for Teenagers,1,2,4
มัธยมปลาย,ม.4,0,ส31262,วิถีไทยภูมิปัญญาไทย,SO31262,Traditional Thai Life,1,2,4
มัธยมปลาย,ม.5,1,ส32101,ภูมิศาสตร์,SO32101,Geography,1,1,4
มัธยมปลาย,ม.5,2,ส32102,เศรษฐศาสตร์,SO32102,Economics,1,1,4
มัธยมปลาย,ม.5,1,ส32103,พระพุทธศาสนา 1,SO32103,Buddhism 1,0.5,1,4
มัธยมปลาย,ม.5,2,ส32104,พระพุทธศาสนา 1,SO32104,Buddhism 1,0.5,1,4
มัธยมปลาย,ม.5,1,ส32105,พระพุทธศาสนา 3,SO32105,Buddhism 3,0.5,1,4
มัธยมปลาย,ม.5,2,ส32106,พระพุทธศาสนา 3,SO32106,Buddhism 3,0.5,1,4
มัธยมปลาย,ม.5,1,ส32111,พระพุทธศาสนา 3,SO32111,Buddhism 3,0.5,1,4
มัธยมปลาย,ม.5,2,ส32112,พระพุทธศาสนา 4,SO32112,Buddhism 4,0.5,1,4
มัธยมปลาย,ม.5,1,ส32121,ประวัติศาสตร์ 3,SO32121,History 3,0.5,1,4
มัธยมปลาย,ม.5,2,ส32122,ประวัติศาสตร์ 4,SO32122,History 4,0.5,1,4
มัธยมปลาย,ม.5,1,ส32201,กฎหมายอาญา 1,SO32201,Criminal Law I,1,3,4
มัธยมปลาย,ม.5,2,ส32202,พระพุทธศาสนา 4,SO32202,Buddhism 4,1,2,4
มัธยมปลาย,ม.5,1,ส32203,ความสัมพันธ์ระหว่างประเทศ,SO32203,International Relations,1,3,4
มัธยมปลาย,ม.5,0,ส32204,การเมืองระหว่างประเทศ,SO32204,International Politics,1,2,4
มัธยมปลาย,ม.5,1,ส32205,แหล่งท่องเที่ยวทางประวัติศาสตร์ไทย,SO32205,Thai Historical Attractions,0.5,2,4
มัธยมปลาย,ม.5,2,ส32206,แหล่งมรดกโลก,SO32206,World Heritage Site,0.5,2,4
มัธยมปลาย,ม.5,0,ส32210,เสวนาธรรม,SO32210,Seminar in Buddhism,1,2,4
มัธยมปลาย,ม.5,2,ส32221,การเรียนรู้เพื่อพัฒนาทักษะการคิด,SO32221,Learning for Develop Thinking Skills,1,2,4
มัธยมปลาย,ม.5,0,ส32263,ย้อนเวลาหาอดีต,SO32263,Ancient History,1,2,4
มัธยมปลาย,ม.5,0,ส32264,เหตุการณ์ปัจจุบัน,SO32264,Major Issues in Contemporary World Society,1,2,4
มัธยมปลาย,ม.6,1,ส33101,สังคมศึกษา 1,SO33101,Social Studies 1,1,1,4
มัธยมปลาย,ม.6,2,ส33102,สังคมศึกษา 6,SO33102,Social Studies 6,1,1,4
มัธยมปลาย,ม.6,1,ส33103,พระพุทธศาสนา 5,SO33103,Buddhism 5,0.5,1,4
มัธยมปลาย,ม.6,2,ส33104,พระพุทธศาสนา 6,SO33104,Buddhism 6,0.5,1,4
มัธยมปลาย,ม.6,1,ส33111,พระพุทธศาสนา 5,SO33111,Buddhism 5,0.5,1,4
มัธยมปลาย,ม.6,2,ส33112,พระพุทธศาสนา 6,SO33112,Buddhism 6,0.5,1,4
มัธยมปลาย,ม.6,1,ส33201,เหตุการณ์ปัจจุบัน,SO33201,Contemporary Affairs,1,2,4
มัธยมปลาย,ม.6,2,ส33202,ศาสนศึกษา,SO33202,Religious Studies,0.5,2,4
มัธยมปลาย,ม.6,2,ส33211,พุทธธรรม,SO33211,Buddhist Teaching,1,2,4
มัธยมปลาย,ม.6,2,ส33221,ทักษะชีวิตและสังคม,SO33221,Life Skills and Society,1,2,4
มัธยมปลาย,ม.6,1,ส33265,โครงงานประวัติศาสตร์,SO33265,History Project,0.5,2,4
มัธยมปลาย,ม.6,1,ส33283,การอนุรักษ์สิ่งแวดล้อม,SO33283,Conservation Of Energy And Environment,1,2,4
มัธยมปลาย,ม.ปลาย,0,อ30201,ไวยากรณ์อังกฤษขั้นพื้นฐาน,EN30201,Elementary English Grammar,1,2,8
มัธยมปลาย,ม.ปลาย,0,อ30202,ไวยากรณ์อังกฤษขั้นสูง,EN30202,Advanced English Grammar,1,2,8
มัธยมปลาย,ม.ปลาย,0,อ30203,ภาษาศาสตร์เบื้องต้น 1,EN30203,Introduction to Linguistics 1,1,2,8
มัธยมปลาย,ม.ปลาย,0,อ30204,ภาษาศาสตร์เบื้องต้น 2,EN30204,Introduction to Linguistics 2,1,2,8
มัธยมปลาย,ม.ปลาย,0,อ30205,การพูดในที่สาธารณะขั้นพื้นฐาน,EN30205,Introduction to Public Speaking,1,2,8
มัธยมปลาย,ม.ปลาย,0,อ30206,การพูดในที่สาธารณะขั้นสูง,EN30206,Advanced Public Speaking,1,2,8
มัธยมปลาย,ม.ปลาย,0,อ30207,การเขียนเชิงสร้างสรรค์,EN30207,Creative Writing,1,2,8
มัธยมปลาย,ม.ปลาย,0,อ30208,วาทวิทยาและสื่อสารการแสดง,EN30208,Speech and Stage Arts,1,2,8
มัธยมปลาย,ม.ปลาย,0,อ30209,วรรณคดีอังกฤษ 1,EN30209,Literature 1,1,2,8
มัธยมปลาย,ม.ปลาย,0,อ30210,วรรณคดีอังกฤษ 2,EN30210,Literature 2,1,2,8
มัธยมปลาย,ม.ปลาย,0,อ30211,พัฒนาทักษะการอ่าน 1,EN30211,Developmental Reading 1,1,2,8
มัธยมปลาย,ม.ปลาย,0,อ30212,พัฒนาทักษะการอ่าน 2,EN30212,Developmental Reading 2,1,2,8
มัธยมปลาย,ม.ปลาย,0,อ30213,การเขียนเรียงความภาษาอังกฤษ 1,EN30213,Writing Composition 1,1,2,8
มัธยมปลาย,ม.ปลาย,0,อ30214,การเขียนเรียงความภาษาอังกฤษ 2,EN30214,Writing Composition 2,1,2,8
มัธยมปลาย,ม.ปลาย,0,อ30215,การเขียนทางวิชาการ,EN30215,Academic Writing,1,2,8
มัธยมปลาย,ม.ปลาย,0,อ30216,การเขียนภาษาอังกฤษเทคนิค,EN30216,Technical Writing,1,2,8
มัธยมปลาย,ม.ปลาย,0,อ30217,วารสารศาสตร์ 1,EN30217,Journalism 1,1,2,8
มัธยมปลาย,ม.ปลาย,0,อ30218,วารสารศาสตร์ 2,en30218,Journalism 2,1,2,8
มัธยมปลาย,ม.ปลาย,0,อ30219,ภาษาอังกฤษธุรกิจ,EN30219,Business English,1,2,8
มัธยมปลาย,ม.ปลาย,2,อ30250,กลยุทธ์การอ่าน 2,EN30250,Reading strategy 2,1,2,8
มัธยมปลาย,ม.6,1,อ30253,ภาษาอังกฤษในสื่อบันเทิง,EN30253,Edutainment English,1,3,8
มัธยมปลาย,ม.ปลาย,1,อ30254,กลยุทธ์การอ่าน 1,EN30254,Reading strategy 1,1,2,8
มัธยมปลาย,ม.ปลาย,1,อ30283,อังกฤษการอ่านฉับพลัน,EN30283,English reading abrupt,1,2,8
มัธยมปลาย,ม.4,1,อ31101,ภาษาอังกฤษ 1,EN31101,English 1,1,1,8
มัธยมปลาย,ม.4,2,อ31102,ภาษาอังกฤษ 2,EN31102,English 1,1,1,8
มัธยมปลาย,ม.4,1,อ31103,ภาษาอังกฤษ,EN31103,English,1.5,1,8
มัธยมปลาย,ม.4,2,อ31104,ภาษาอังกฤษ,EN31104,English,1.5,1,8
มัธยมปลาย,ม.4,1,อ31201,ภาษาอังกฤษเพื่ออุตสาหกรรมการท่องเที่ยว 1,EN31201,English for Tourism Industry 1,1,2,8
มัธยมปลาย,ม.4,0,อ31202,ภาษาอังกฤษเพื่ออุตสาหกรรมการท่องเที่ยว 2,EN31202,English for Tourism Industry 2,0.5,2,8
มัธยมปลาย,ม.4,1,อ31203,ภาษาอังกฤษอ่าน-เขียน 1,EN31203,English Reading - Writing 1,1,2,8
มัธยมปลาย,ม.4,2,อ31204,ภาษาอังกฤษอ่าน-เขียน 2,EN31204,English Reading - Writing 2,1,2,8
มัธยมปลาย,ม.4,1,อ31205,ภาษาอังกฤษเพื่อวิทยาการ 1,EN31205,Tactical English Reading 1,1,2,8
มัธยมปลาย,ม.4,2,อ31206,ภาษาอังกฤษเพื่อวิทยาการ 2,EN31206,Tactical English Reading 2,1,2,8
มัธยมปลาย,ม.4,1,อ31207,ภาษาอังกฤษในชีวิตประจำวัน 1,EN31207,Everyday English 1,0.5,2,8
มัธยมปลาย,ม.4,2,อ31208,ภาษาอังกฤษในชีวิตประจำวัน 2,EN31208,Everyday english 2,0.5,2,8
มัธยมปลาย,ม.ปลาย,0,อ31209,ภาษาอังกฤษเพื่อการเรียนรู้วัฒนธรรม,EN31209,English for Culture Learning,0.5,2,8
มัธยมปลาย,ม.4,0,อ31210,ภาษาอังกฤษเพื่อการเรียนรู้วัฒนธรรม 2,EN31210,Thai language for learning culture 2,1,3,8
มัธยมปลาย,ม.4,1,อ31211,ภาษาอังกฤษเพื่อนวัตกร,EN31211,,0.5,2,8
มัธยมปลาย,ม.4,2,อ31212,ภาษาอังกฤษเพื่อนวัตกร,EN31212,,0.5,2,8
มัธยมปลาย,ม.4,1,อ31221,การพูดภาษาอังกฤษในที่สาธารณะ 1,EN31221,Public English Speaking 1,1,2,8
มัธยมปลาย,ม.4,2,อ31222,การพูดภาษาอังกฤษในที่สาธารณะ 2,EN31222,Public English Speaking 2,1,2,8
มัธยมปลาย,ม.4,1,อ31231,การอ่านภาษาอังกฤษอย่างยุทธวิธี 1,EN312,Tactical English Reading 1,1,2,8
มัธยมปลาย,ม.4,2,อ31232,การอ่านภาษาอังกฤษอย่างยุทธวิถี 2,EN31232,Tactical English Reading 2,1,2,8
มัธยมปลาย,ม.4,1,อ31241,การเขียนอนุเฉทภาษาอังกฤษ 1,EN31241,Writing an English petty 1,1,2,8
มัธยมปลาย,ม.4,2,อ31242,การเขียนอนุเฉทภาษาอังกฤษ 2,EN31242,Writing an English petty 2,1,2,8
มัธยมปลาย,ม.4,2,อ31252,พัฒนาคำศัพท์ภาษาอังกฤษ 2,EN31252,Vocabulary Enrichment 2,0.5,2,8
มัธยมปลาย,ม.4,1,อ31261,ภาษาอังกฤษบูรณาการ,EN31261,English language integration,1.5,2,8
มัธยมปลาย,ม.ปลาย,0,อ31263,ไวยากรณ์ภาษาอังกฤษ 1,EN31261,Elementary English Grammar 1,1,2,8
มัธยมปลาย,ม.ปลาย,0,อ31269,วรรณกรรมและเรื่องสั้นเบื้องต้น,EN31269,Introduction to Anecdotes and Shot Stories,1,2,8
มัธยมปลาย,ม.4,2,อ31282,วรรณกรรมภาษาอังกฤษเบื้องต้น,EN31282,Elementary english literature,1,2,8
มัธยมปลาย,ม.5,1,อ32101,ภาษาอังกฤษ 3,EN32101,English 3,1,1,8
มัธยมปลาย,ม.5,2,อ32102,ภาษาอังกฤษ 4,EN32102,English 4,1,1,8
มัธยมปลาย,ม.5,1,อ32103,ภาษาอังกฤษ,EN32103,English,1.5,1,8
มัธยมปลาย,ม.5,2,อ32104,ภาษาอังกฤษ,EN32104,English,1.5,1,8
มัธยมปลาย,ม.5,1,อ32201,ภาษาอังกฤษเพื่ออุตสาหกรรมท่องเที่ยว 3,EN32201,English for Tourism Industry 3,1,2,8
มัธยมปลาย,ม.5,2,อ32202,ภาษาอังกฤษเพื่ออุตสาหกรรมท่องเที่ยว 4,EN32202,English for Tourism Industry 4,1,2,8
มัธยมปลาย,ม.5,1,อ32203,ภาษาอังกฤษอ่าน-เขียน 3,EN32203,English reading-writting 3,1,2,8
มัธยมปลาย,ม.5,2,อ32204,ภาษาอังกฤษอ่าน-เขียน 4,EN32204,English reading-writting 4,1,2,8
มัธยมปลาย,ม.5,1,อ32205,ภาษาอังกฤษเพื่อการสื่อสาร 1,EN32205,English for Communication 1,1,3,8
มัธยมปลาย,ม.5,2,อ32206,ภาษาอังกฤษเพื่อการสื่อสาร 2,EN32206,English for communication 2,1,3,8
มัธยมปลาย,ม.5,1,อ32207,ภาษาอังกฤษเพื่อวิทยาการ 3,EN32207,English for Science 3,1,2,8
มัธยมปลาย,ม.5,2,อ32208,ภาษาอังกฤษเพื่อวิทยาการ 4,EN32208,English for Science 4,1,2,8
มัธยมปลาย,ม.5,1,อ32209,ภาษาอังกฤษในชีวิตประจำวัน 3,EN32209,English in Everyday Life 3,0.5,2,8
มัธยมปลาย,ม.5,2,อ32210,ภาษาอังกฤษในชีวิตประจำวัน 4,EN32210,English in everyday life 4,0.5,2,8
มัธยมปลาย,ม.5,1,อ32211,ความถนัดภาษาอังกฤษ 1,EN32211,English language aptitude,0.5,2,8
มัธยมปลาย,ม.5,2,อ32212,ความถนัดภาษาอังกฤษ 2,EN32212,English language aptitude,1,2,8
มัธยมปลาย,ม.5,1,อ32213,ภาษาอังกฤษเพื่อนวัตกร 3,EN32213,English for Innoventer,0.5,2,8
มัธยมปลาย,ม.5,2,อ32215,อังกฤษเพื่อนำไปใช้,EN32215,British to apply,1,2,8
มัธยมปลาย,ม.5,2,อ32221,การเขียนเชิงสร้างสรรค์ 2,EN32221,Creative writing 2,1,2,8
มัธยมปลาย,ม.5,2,อ32222,ภาษาอังกฤษฟัง-พูด 4,EN32222,English for Technology : Listening & Speaking,1,2,8
มัธยมปลาย,ม.5,1,อ32223,การฟัง 1,EN32223,Listening 1,1,2,8
มัธยมปลาย,ม.5,2,อ32224,การฟัง 2,EN32224,Listening 2,1,2,8
มัธยมปลาย,ม.5,1,อ32231,ภาษาอังกฤษอ่าน-เขียน 3,EN32231,English Reading & Writing Skill 3,1,2,8
มัธยมปลาย,ม.5,2,อ32232,ภาษาอังกฤษอ่าน-เขียน 4,EN32232,English Reading & Writing Skill 4,1,2,8
มัธยมปลาย,ม.5,1,อ32233,การอ่านภาษาอังกฤษอย่างมีวิจารณญาณ1,EN32233,Critical English Reading 1,1,2,8
มัธยมปลาย,ม.5,2,อ32234,การอ่านภาษาอังกฤษอย่างมีวิจารณญาณ 2,EN32243,Critical English Reading 2,1,2,8
มัธยมปลาย,ม.5,1,อ32243,การเขียนเรียงความภาษาอังกฤษ 1,EN32243,English essay writing 1,1,2,8
มัธยมปลาย,ม.5,2,อ32244,การเขียนเรียงความภาษาอังกฤษ 2,EN32244,English essay writing 2,1,2,8
มัธยมปลาย,ม.5,1,อ32251,พัฒนาคำศัพท์ภาษาอังกฤษ 3,EN32251,Vocabulary Enrichment 3,0.5,2,8
มัธยมปลาย,ม.4,2,อ32262,ไวยากรณ์ภาษาอังกฤษ,EN32262,English grammar,1,2,8
มัธยมปลาย,ม.ปลาย,1,อ32263,ภาษาศาสตร์เบื้องต้น 1,EN32263,Introduction to Linguistics 1,1,2,8
มัธยมปลาย,ม.4,2,อ32264,ภาษาศาสตร์เบื้องต้น,EN32264,Introduction to linguistics,1,2,8
มัธยมปลาย,ม.ปลาย,0,อ32267,การพัฒนาทักษะการอ่าน 1,EN32267,Developmental Reading 1,1,2,8
มัธยมปลาย,ม.5,0,อ32278,ภาษาอังกฤษการเขียนเพื่อการสอบวัดระดับ,EN32278,Writing English for Standadized Tests,1,2,8
มัธยมปลาย,ม.4,2,อ32284,การพัฒนาทักษะการอ่าน 2,EN32284,Reading skills development 2,1,2,8
มัธยมปลาย,ม.6,1,อ33101,ภาษาอังกฤษ 5,EN33101,English 5,1,1,8
มัธยมปลาย,ม.6,2,อ33102,ภาษาอังกฤษ 6,EN33102,English 6,1,1,8
มัธยมปลาย,ม.6,1,อ33103,ภาษาอังกฤษ,EN33103,English,1.5,1,8
มัธยมปลาย,ม.6,2,อ33104,ภาษาอังกฤษ,EN33104,English,1.5,1,8
มัธยมปลาย,ม.6,1,อ33201,ภาษาอังกฤษเพื่อวิทยาการ 5,EN33201,English for Science 5,1,2,8
มัธยมปลาย,ม.6,2,อ33202,ภาษาอังกฤษเพื่อวิทยาการ 6,EN33202,English for Science 6,1,2,8
มัธยมปลาย,ม.6,1,อ33203,การเขียนภาษาอังกฤษ 5,EN33203,English writing 5,1,2,8
มัธยมปลาย,ม.6,1,อ33205,ภาษาอังกฤษในชีวิตประจำวัน 5,EN33205,English in Everyday Life 5,0.5,2,8
มัธยมปลาย,ม.6,2,อ33206,ภาษาอังกฤษในชีวิตประจำวัน 6,EN33206,English in Everyday Life 6,0.5,2,8
มัธยมปลาย,ม.6,0,อ33207,ความถนัดทางภาษาอังกฤษ 3,EN33207,English Aptitude 3,0.5,2,8
มัธยมปลาย,ม.6,2,อ33208,ความถนัดทางภาษาอังกฤษ 4,EN33208,English Aptitude 4,0.5,2,8
มัธยมปลาย,ม.6,1,อ33211,ภาษาอังกฤษรอบรู้,EN33211,English Aware,1,2,8
มัธยมปลาย,ม.6,2,อ33212,ภาษาอังกฤษรอบรู้,EN33212,English Aware,1,2,8
มัธยมปลาย,ม.6,1,อ33213,อังกฤษเพื่อการศึกษาต่อ,EN33213,English for further education,1,2,8
มัธยมปลาย,ม.6,2,อ33214,อังกฤษเพื่อวัดความรู้,EN33214,English to measure knowledge,1,2,8
มัธยมปลาย,ม.6,1,อ33215,การเขียนเบื้องต้น,EN33215,Introductory writing,1,2,8
มัธยมปลาย,ม.6,1,อ33216,ภาษาอังกฤษเพื่ออาชีพ,EN33216,English for career,1,2,8
มัธยมปลาย,ม.6,1,อ33221,ภาษาอังกฤษฟัง-พูด 5,EN33221,English for Career : Listening & Speaking 1,1,2,8
มัธยมปลาย,ม.6,2,อ33222,ภาษาอังกฤษฟัง-พูด 6,EN33222,English for Career : Listening & Speaking 2,1,2,8
มัธยมปลาย,ม.6,1,อ33225,การนำเสนอผลงานเป็นภาษาอังกฤษด้วยวาจา 1,EN33225,Verbal presentations in English 1,1,2,8
มัธยมปลาย,ม.6,2,อ33226,การนำเสนอผลงานเป็นภาษาอังกฤษด้วยวาจา 2,EN33226,Verbal presentations in English 2,1,2,8
มัธยมปลาย,ม.6,1,อ33231,ภาษาอังกฤษอ่าน-เขียน 5,EN33231,English Reading & Writing Skill 5,1,2,8
มัธยมปลาย,ม.6,2,อ33232,ภาษาอังกฤษอ่าน-เขียน 6,EN33232,English Reading & Writing Skill 6,1,2,8
มัธยมปลาย,ม.6,1,อ33235,ภาษาอังกฤษอ่านจับใจความ,EN33235,English reading comprehension,1,2,8
มัธยมปลาย,ม.6,2,อ33236,ภาษาอังกฤษอ่านจับใจความ 2,EN33236,English reading comprehension 2,1,2,8
มัธยมปลาย,ม.6,1,อ33245,อังกฤษการเขียนเชิงวิชาการ,EN33245,English Academic Writing,1,2,8
มัธยมปลาย,ม.6,2,อ33246,ภาษาอังกฤษการเขียนเชิงวิชาการ2,EN33246,English Academic Writing 2,1,2,8
มัธยมปลาย,ม.6,1,อ33251,พัฒนาคำศัพท์ภาษาอังกฤษ 5,EN33251,Vocabulary Enrichment 5,0.5,2,8
มัธยมปลาย,ม.6,2,อ33252,พัฒนาคำศัพท์ภาษาอังกฤษ 6,EN33252,Vocabulary Enrichment 6,0.5,2,8
มัธยมปลาย,ม.6,1,อ33254,ภาษาอังกฤษเพื่อวิทยาการ 5,EN33254,English for Science 5,1,2,8
มัธยมปลาย,ม.6,2,อ33255,ภาษาอังกฤษเพื่อวิทยาการ 6,EN33255,English for Science 6,1,2,8
มัธยมปลาย,ม.6,1,อ33256,การอ่านเชิงวิเคราะห์,EN33256,Analytical Reading,1.5,2,8
มัธยมปลาย,ม.6,1,อ33257,ภาษาอังกฤษเพื่อการสื่อสาร,EN33257,English for communication,1,2,8
มัธยมปลาย,ม.6,0,อ33282,ภาษาอังกฤษการสอบมาตรฐาน,EN33282,English Standardized Test,1,3,8
มัธยมปลาย,ม.6,0,อ33283,ภาษาอังกฤษในสื่อบันเทิง,EN33283,Edutainment English,1,3,8
